claim_id,claim_category,paper_claim,allowed_wording,forbidden_wording,evidence_files,evidence_summary,support_level,paper_section,caveat,status
P1,problem_framing,Industrial anomaly VLM reasoning should be localization-guided rather than full-image only.,"We study localization-guided VLM anomaly recognition, where detector localization evidence is converted into candidate-level visual-language evidence.",We solve full industrial anomaly understanding with a general-purpose VLM.,stage16_d_paper_facing_system_baseline_table.csv; stage16_d_paper_facing_claim_ready_deltas.csv,context-aware VLM AUROC=0.7101187980433263; full-image VLM AUROC=0.6458892382948986; context minus full-image delta=+0.0642.,moderate,Introduction; Method motivation; Experiments,Do not claim semantic understanding or manufacturing-cause reasoning.,use
P2,system_level_result,Localization-guided VLM evidence is complementary to detector baselines.,The fair LOCO fusion improves over the detector-only PatchCore baseline and the fixed-budget EfficientAD baseline.,The method fully beats all detector baselines under all budgets.,stage16_d_paper_facing_system_baseline_table.csv; stage16_d_paper_facing_claim_ready_deltas.csv,LOCO AUROC=0.8209783368273935; PatchCore AUROC=0.7853284416491964; EfficientAD-30 AUROC=0.7604262679815292; LOCO-PatchCore=+0.0356; LOCO-EfficientAD30=+0.0606.,strong_but_protocol_limited,Main Results,EfficientAD is fixed-budget; same-set fusion is upper-bound only.,use
P3,external_baseline,The proposed localization-guided route is stronger than the fixed WinCLIP protocol used in this study.,"Under our fixed protocol, LOCO fusion outperforms WinCLIP.",We comprehensively outperform all CLIP-based anomaly detection methods.,stage16_d_paper_facing_system_baseline_table.csv; stage16_d_paper_facing_claim_ready_deltas.csv,LOCO AUROC=0.8209783368273935; WinCLIP AUROC=0.6137526258826256; delta=+0.2072.,moderate,Baselines,AnomalyCLIP is not yet included; avoid broad CLIP-family claims.,use_with_caution
P4,main_method_component,Candidate quality calibration is the main effective method component.,Candidate quality calibration provides the main gain over naive detector-crop fusion.,Every category benefits from quality calibration.,stage16_d_paper_facing_claim_ready_deltas.csv; stage16_e_boundary_decision_summary.csv; stage16_e_category_boundary_summary.csv,"primary QCR quality-minus-naive delta=+0.0096; Per-category mean V4-V3 AUROC delta=+0.0119; wins=13/24.; per-category mean=+0.0119, wins=13/24.",strong_as_core_but_not_universal,Method; Ablation,Per-category wins are not universal; use boundary-aware wording.,use
P5,final_method_variant,"Adaptive consistency is a conservative refinement, not the main source of improvement.",Adaptive consistency slightly refines the quality-calibrated score while avoiding overcommitting to fixed consistency.,Adaptive consistency produces the main performance gain.,stage16_d_paper_facing_claim_ready_deltas.csv; stage16_e_boundary_decision_summary.csv; stage16_e_category_boundary_summary.csv,"primary adaptive-minus-quality delta=+0.0004; adaptive-minus-naive delta=+0.0100; Per-category mean V6-V4 AUROC delta=+0.0003; wins=14/24.; per-category mean=+0.0003, wins=14/24.",weak_as_gain_strong_as_safety_caveat,Ablation; Discussion,The gain over quality-only is very small.,use_with_caution
P6,diagnostic_component,Fixed Q+C fusion is diagnostic only and should not be the final method.,"Fixed consistency can peak in some settings but lacks robustness, so it is not used as the final method.",Fixed Q+C is the proposed final method.,stage16_d_paper_facing_claim_ready_deltas.csv; stage16_e_boundary_decision_summary.csv; stage16_e_category_boundary_summary.csv,"primary fixed-minus-quality delta=+0.0043; Per-category mean V5-V4 AUROC delta=+0.0027; positive cases=18/24.; per-category mean=+0.0027, positive cases=18/24.",strong_as_rejection,Ablation; Discussion,Do not hide that fixed Q+C can be high in primary protocol; explain robustness tradeoff.,reject_as_final_method
P7,upper_bound,"Same-set fusion is an upper-bound diagnostic, not a fair main result.",Same-set fusion is reported only as a diagnostic upper bound.,Same-set fusion is the primary deployment result.,stage16_d_paper_facing_system_baseline_table.csv,same-set AUROC=0.8452830188679246; LOCO AUROC=0.8209783368273935.,strong_as_protocol_boundary,Main Results; Protocol,Use LOCO as the fair system-level claim.,use_as_diagnostic_only
P8,boundary_analysis,"The method is a reliability-calibrated recognition framework, not a complete anomaly understanding system.","Failure analysis shows boundaries from misleading localization, candidate quality errors, and detector-VLM disagreement.",The method explains manufacturing causes or solves all detector localization errors.,stage16_e_failure_boundary_case_inventory.csv; stage16_e_boundary_decision_summary.csv,quality_helps_anomaly_boost=10; quality_boundary_anomaly_suppression=10; fixed_consistency_boundary_anomaly_suppression=10; quality_helps_normal_suppression=10; quality_boundary_normal_boost=10; fixed_consistency_boundary_normal_boost=10; adaptive_refinement_high_gate=10; detector_vlm_disagreement_boundary=10; The case taxonomy explicitly includes detector-VLM disagreement and candidate-quality boundary cases.,strong_as_boundary_claim,Failure Cases; Limitations,Representative images should be manually inspected before paper figures.,use
P9,segmentation_boundary,Do not claim pixel-level segmentation SOTA.,Pixel-level/localization signals are used to generate candidate evidence for image-level anomaly recognition.,The method achieves pixel-level segmentation SOTA.,stage15_modern_detector_baselines; stage16_qcru_ablation,The current method is evaluated and framed primarily for image-level anomaly recognition and candidate reasoning.,strong_as_restriction,Limitations,"Pixel metrics may be reported only as auxiliary detector evidence, not as the main claim.",reject
