scope,heldout_category,variant_id,method,auroc,ap,best_f1,best_accuracy,num_backbones,potential_call_rate,active_weight_rate,best_threshold,backbone
heldout_fold,candle,D0,Detector only,0.984,0.9848109252857524,0.945273631840796,0.945,1.0,,,,
heldout_fold,candle,V3,Naive detector-crop fusion,0.9952,0.9961935799128768,0.9801980198019802,0.98,1.0,,,,
heldout_fold,candle,V4,Old Quality-Calibrated QCR,0.9979,0.9980757919754825,0.9801980198019802,0.98,1.0,,,,
heldout_fold,candle,V6,Old Adaptive QCR,0.9979,0.9980757919754825,0.9801980198019802,0.98,1.0,,,,
heldout_fold,candle,S1,SRB-QCR,0.9864999999999999,0.9870659238218612,0.9494949494949495,0.95,1.0,0.365,0.345,,
heldout_fold,capsules,D0,Detector only,0.6995,0.8378051471366801,0.7777777777777778,0.65,1.0,,,,
heldout_fold,capsules,V3,Naive detector-crop fusion,0.992,0.9951332103856851,0.97,0.9625,1.0,,,,
heldout_fold,capsules,V4,Old Quality-Calibrated QCR,0.9788333333333333,0.9866898416072322,0.9523809523809523,0.9375,1.0,,,,
heldout_fold,capsules,V6,Old Adaptive QCR,0.9788333333333333,0.9866898416072322,0.9523809523809523,0.9375,1.0,,,,
heldout_fold,capsules,S1,SRB-QCR,0.7196666666666666,0.8479692718528075,0.7777777777777778,0.65,1.0,0.51875,0.50625,,
heldout_fold,cashew,D0,Detector only,0.966,0.9829735785810191,0.9313725490196079,0.9066666666666666,1.0,,,,
heldout_fold,cashew,V3,Naive detector-crop fusion,1.0,1.0,1.0,1.0,1.0,,,,
heldout_fold,cashew,V4,Old Quality-Calibrated QCR,0.9998,0.9999009900990099,0.9950248756218906,0.9933333333333333,1.0,,,,
heldout_fold,cashew,V6,Old Adaptive QCR,0.9998,0.9999009900990099,0.9950248756218906,0.9933333333333333,1.0,,,,
heldout_fold,cashew,S1,SRB-QCR,0.9692,0.9844480533103184,0.9365853658536586,0.9133333333333333,1.0,0.24,0.24,,
heldout_fold,chewinggum,D0,Detector only,0.9918,0.9963432307459067,0.9746192893401016,0.9666666666666667,1.0,,,,
heldout_fold,chewinggum,V3,Naive detector-crop fusion,1.0,1.0,1.0,1.0,1.0,,,,
heldout_fold,chewinggum,V4,Old Quality-Calibrated QCR,1.0,1.0,1.0,1.0,1.0,,,,
heldout_fold,chewinggum,V6,Old Adaptive QCR,1.0,1.0,1.0,1.0,1.0,,,,
heldout_fold,chewinggum,S1,SRB-QCR,0.9951999999999999,0.9978051393565479,0.9797979797979798,0.9733333333333334,1.0,0.66,0.66,,
heldout_fold,fryum,D0,Detector only,0.9543999999999999,0.9791647967969028,0.9148936170212766,0.8933333333333333,1.0,,,,
heldout_fold,fryum,V3,Naive detector-crop fusion,0.9978,0.998990909090909,0.99,0.9866666666666667,1.0,,,,
heldout_fold,fryum,V4,Old Quality-Calibrated QCR,0.9984,0.9992457943925234,0.99,0.9866666666666667,1.0,,,,
heldout_fold,fryum,V6,Old Adaptive QCR,0.9984,0.9992457943925234,0.99,0.9866666666666667,1.0,,,,
heldout_fold,fryum,S1,SRB-QCR,0.964,0.9832805652759702,0.927536231884058,0.9,1.0,0.56,0.5533333333333333,,
heldout_fold,macaroni1,D0,Detector only,0.8661000000000001,0.8558898153534567,0.8130841121495327,0.8,1.0,,,,
heldout_fold,macaroni1,V3,Naive detector-crop fusion,0.9755,0.9776657834726599,0.9405940594059405,0.94,1.0,,,,
heldout_fold,macaroni1,V4,Old Quality-Calibrated QCR,0.9793000000000001,0.979386005210273,0.9463414634146341,0.945,1.0,,,,
heldout_fold,macaroni1,V6,Old Adaptive QCR,0.9795,0.9796186801929481,0.9463414634146341,0.945,1.0,,,,
heldout_fold,macaroni1,S1,SRB-QCR,0.8867,0.8734178300810259,0.8294930875576036,0.815,1.0,0.475,0.47,,
heldout_fold,macaroni2,D0,Detector only,0.7119,0.6993641602994669,0.72,0.65,1.0,,,,
heldout_fold,macaroni2,V3,Naive detector-crop fusion,0.8076,0.7975020279792652,0.7860262008733624,0.755,1.0,,,,
heldout_fold,macaroni2,V4,Old Quality-Calibrated QCR,0.8622,0.8492569717847298,0.8133971291866029,0.805,1.0,,,,
heldout_fold,macaroni2,V6,Old Adaptive QCR,0.8636,0.8513777012086481,0.8133971291866029,0.805,1.0,,,,
heldout_fold,macaroni2,S1,SRB-QCR,0.7172499999999999,0.6722178680537589,0.7325102880658436,0.675,1.0,0.485,0.46,,
heldout_fold,pcb1,D0,Detector only,0.9436,0.9389364335340876,0.8771929824561403,0.86,1.0,,,,
heldout_fold,pcb1,V3,Naive detector-crop fusion,0.8508,0.89649955082738,0.8167539267015707,0.825,1.0,,,,
heldout_fold,pcb1,V4,Old Quality-Calibrated QCR,0.9416,0.9511935536418525,0.9029126213592233,0.9,1.0,,,,
heldout_fold,pcb1,V6,Old Adaptive QCR,0.9418,0.9513242213202139,0.9029126213592233,0.9,1.0,,,,
heldout_fold,pcb1,S1,SRB-QCR,0.9468,0.9414347944455406,0.8807339449541285,0.87,1.0,0.38,0.375,,
heldout_fold,pcb2,D0,Detector only,0.93045,0.9115434291637904,0.863849765258216,0.855,1.0,,,,
heldout_fold,pcb2,V3,Naive detector-crop fusion,0.9847,0.9794573719589983,0.9615384615384616,0.96,1.0,,,,
heldout_fold,pcb2,V4,Old Quality-Calibrated QCR,0.9803000000000001,0.9700985836170135,0.96,0.96,1.0,,,,
heldout_fold,pcb2,V6,Old Adaptive QCR,0.9805,0.9706175236953032,0.96,0.96,1.0,,,,
heldout_fold,pcb2,S1,SRB-QCR,0.9315500000000001,0.9079908322211349,0.8656716417910447,0.865,1.0,0.105,0.105,,
heldout_fold,pcb3,D0,Detector only,0.933069306930693,0.9358632057164367,0.8571428571428571,0.8507462686567164,1.0,,,,
heldout_fold,pcb3,V3,Naive detector-crop fusion,0.9676237623762376,0.9731996738956368,0.9206349206349206,0.9253731343283582,1.0,,,,
heldout_fold,pcb3,V4,Old Quality-Calibrated QCR,0.9820792079207921,0.9842553036738989,0.9365853658536586,0.9353233830845771,1.0,,,,
heldout_fold,pcb3,V6,Old Adaptive QCR,0.9823762376237624,0.9846152033596104,0.9365853658536586,0.9353233830845771,1.0,,,,
heldout_fold,pcb3,S1,SRB-QCR,0.94009900990099,0.9414130748198156,0.8679245283018868,0.8606965174129353,1.0,0.4079601990049751,0.3880597014925373,,
heldout_fold,pcb4,D0,Detector only,0.9905940594059406,0.9904336260134786,0.9560975609756097,0.9552238805970149,1.0,,,,
heldout_fold,pcb4,V3,Naive detector-crop fusion,0.9854455445544554,0.98605952528551,0.9447236180904522,0.945273631840796,1.0,,,,
heldout_fold,pcb4,V4,Old Quality-Calibrated QCR,0.9952475247524752,0.9953229474512018,0.9658536585365853,0.9651741293532339,1.0,,,,
heldout_fold,pcb4,V6,Old Adaptive QCR,0.9953465346534653,0.9954293055624687,0.9658536585365853,0.9651741293532339,1.0,,,,
heldout_fold,pcb4,S1,SRB-QCR,0.991980198019802,0.9917327396342158,0.9560975609756097,0.9552238805970149,1.0,0.2537313432835821,0.2537313432835821,,
heldout_fold,pipe_fryum,D0,Detector only,0.9936,0.9970635344852196,0.9801980198019802,0.9733333333333334,1.0,,,,
heldout_fold,pipe_fryum,V3,Naive detector-crop fusion,1.0,1.0,1.0,1.0,1.0,,,,
heldout_fold,pipe_fryum,V4,Old Quality-Calibrated QCR,1.0,1.0,1.0,1.0,1.0,,,,
heldout_fold,pipe_fryum,V6,Old Adaptive QCR,1.0,1.0,1.0,1.0,1.0,,,,
heldout_fold,pipe_fryum,S1,SRB-QCR,0.9938,0.9971615142831992,0.9801980198019802,0.9733333333333334,1.0,0.62,0.6,,
loco_per_backbone,all,D0,Detector only,0.9131098406098406,0.9242318919080834,0.8605769230769231,0.8390379278445883,,,,0.2342765639717073,PatchCore
loco_mean_over_backbones,all,D0,Detector only,0.9131098406098406,0.9242318919080834,0.8605769230769231,0.8390379278445883,1.0,,,,
loco_per_backbone,all,V3,Naive detector-crop fusion,0.9616450103950103,0.9680788502375994,0.9130434782608695,0.9000925069380203,,,,0.33580308460001984,PatchCore
loco_mean_over_backbones,all,V3,Naive detector-crop fusion,0.9616450103950103,0.9680788502375994,0.9130434782608695,0.9000925069380203,1.0,,,,
loco_per_backbone,all,V4,Old Quality-Calibrated QCR,0.9718425155925157,0.9752012299092389,0.9319026000825423,0.92368177613321,,,,0.26170641500799624,PatchCore
loco_mean_over_backbones,all,V4,Old Quality-Calibrated QCR,0.9718425155925157,0.9752012299092389,0.9319026000825423,0.92368177613321,1.0,,,,
loco_per_backbone,all,V6,Old Adaptive QCR,0.9721604296604296,0.9755509789672664,0.931958762886598,0.92368177613321,,,,0.2607142514430603,PatchCore
loco_mean_over_backbones,all,V6,Old Adaptive QCR,0.9721604296604296,0.9755509789672664,0.931958762886598,0.92368177613321,1.0,,,,
loco_per_backbone,all,S1,SRB-QCR,0.9189405751905751,0.9227165630465908,0.8680611423974256,0.8482886216466234,,0.4116558741905643,0.40194264569842736,0.24679844454075858,PatchCore
loco_mean_over_backbones,all,S1,SRB-QCR,0.9189405751905751,0.9227165630465908,0.8680611423974256,0.8482886216466234,1.0,0.4116558741905643,0.40194264569842736,,
