dataset,category,image_path,canonical_image_path,gt_binary,patchcore_score,component_rank,candidate_available,threshold,threshold_quantile,image_width,image_height,map_width,map_height,x1,y1,x2,y2,map_x1,map_y1,map_x2,map_y2,map_area,box_area,box_area_ratio,candidate_score_mean,candidate_score_max,candidate_score_sum
MVTec AD,bottle,/root/private_data/iad-vlm-anomaly/datasets/MVTecAD/bottle/test/broken_large/000.png,/root/private_data/iad-vlm-anomaly/datasets/MVTecAD/bottle/test/broken_large/000.png,1,0.9409188032150269,1,1,0.9044361710548401,0.97,900,900,224,224,699,357,792,551,174,89,197,137,799,18042,0.022274074074074075,0.9525651931762695,1.0,761.099609375
MVTec AD,bottle,/root/private_data/iad-vlm-anomaly/datasets/MVTecAD/bottle/test/broken_large/000.png,/root/private_data/iad-vlm-anomaly/datasets/MVTecAD/bottle/test/broken_large/000.png,1,0.9409188032150269,2,1,0.9044361710548401,0.97,900,900,224,224,574,642,720,760,143,160,179,189,707,17228,0.021269135802469134,0.9279804229736328,0.9521127343177795,656.0821533203125
MVTec AD,bottle,/root/private_data/iad-vlm-anomaly/datasets/MVTecAD/bottle/test/broken_large/001.png,/root/private_data/iad-vlm-anomaly/datasets/MVTecAD/bottle/test/broken_large/001.png,1,0.9040037393569946,1,1,0.8933470845222473,0.97,900,900,224,224,132,433,242,607,33,108,60,151,881,19140,0.02362962962962963,0.9455627202987671,1.0,833.040771484375
MVTec AD,bottle,/root/private_data/iad-vlm-anomaly/datasets/MVTecAD/bottle/test/broken_large/001.png,/root/private_data/iad-vlm-anomaly/datasets/MVTecAD/bottle/test/broken_large/001.png,1,0.9040037393569946,2,1,0.8933470845222473,0.97,900,900,224,224,606,578,716,692,151,144,178,172,513,12540,0.015481481481481481,0.9346504211425781,0.9803159236907959,479.4756774902344
MVTec AD,bottle,/root/private_data/iad-vlm-anomaly/datasets/MVTecAD/bottle/test/broken_large/001.png,/root/private_data/iad-vlm-anomaly/datasets/MVTecAD/bottle/test/broken_large/001.png,1,0.9040037393569946,3,1,0.8933470845222473,0.97,900,900,224,224,433,719,499,756,108,179,124,188,112,2442,0.003014814814814815,0.9018335342407227,0.9104905724525452,101.00535583496094
MVTec AD,bottle,/root/private_data/iad-vlm-anomaly/datasets/MVTecAD/bottle/test/broken_large/002.png,/root/private_data/iad-vlm-anomaly/datasets/MVTecAD/bottle/test/broken_large/002.png,1,0.8993467092514038,1,1,0.9371567964553833,0.97,900,900,224,224,582,200,772,503,145,50,192,125,1506,57570,0.07107407407407407,0.9626016020774841,1.0,1449.677978515625
MVTec AD,bottle,/root/private_data/iad-vlm-anomaly/datasets/MVTecAD/bottle/test/broken_large/003.png,/root/private_data/iad-vlm-anomaly/datasets/MVTecAD/bottle/test/broken_large/003.png,1,0.9826626777648926,1,1,0.9200462102890015,0.97,900,900,224,224,373,691,571,812,93,172,142,202,833,23958,0.02957777777777778,0.9520273804664612,1.0,793.038818359375
MVTec AD,bottle,/root/private_data/iad-vlm-anomaly/datasets/MVTecAD/bottle/test/broken_large/003.png,/root/private_data/iad-vlm-anomaly/datasets/MVTecAD/bottle/test/broken_large/003.png,1,0.9826626777648926,2,1,0.9200462102890015,0.97,900,900,224,224,96,558,177,692,24,139,44,172,465,10854,0.0134,0.9453500509262085,0.9741125702857971,439.5877685546875
MVTec AD,bottle,/root/private_data/iad-vlm-anomaly/datasets/MVTecAD/bottle/test/broken_large/003.png,/root/private_data/iad-vlm-anomaly/datasets/MVTecAD/bottle/test/broken_large/003.png,1,0.9826626777648926,3,1,0.9200462102890015,0.97,900,900,224,224,88,369,117,434,22,92,29,108,88,1885,0.0023271604938271606,0.9238730072975159,0.9275314807891846,81.30082702636719
MVTec AD,bottle,/root/private_data/iad-vlm-anomaly/datasets/MVTecAD/bottle/test/broken_large/004.png,/root/private_data/iad-vlm-anomaly/datasets/MVTecAD/bottle/test/broken_large/004.png,1,0.9949211478233337,1,1,0.7762943506240845,0.97,900,900,224,224,144,245,318,455,36,61,79,113,1506,36540,0.04511111111111111,0.877825915813446,1.0,1322.005859375
MVTec AD,bottle,/root/private_data/iad-vlm-anomaly/datasets/MVTecAD/bottle/test/broken_large/005.png,/root/private_data/iad-vlm-anomaly/datasets/MVTecAD/bottle/test/broken_large/005.png,1,0.8185411691665649,1,1,0.8693411350250244,0.97,900,900,224,224,614,241,784,515,153,60,195,128,1506,46580,0.057506172839506174,0.9360718131065369,1.0,1409.72412109375
MVTec AD,bottle,/root/private_data/iad-vlm-anomaly/datasets/MVTecAD/bottle/test/broken_large/006.png,/root/private_data/iad-vlm-anomaly/datasets/MVTecAD/bottle/test/broken_large/006.png,1,1.0,1,1,0.8620791435241699,0.97,900,900,224,224,462,120,688,310,115,30,171,77,1468,42940,0.05301234567901235,0.9308965802192688,1.0,1366.55615234375
MVTec AD,bottle,/root/private_data/iad-vlm-anomaly/datasets/MVTecAD/bottle/test/broken_large/006.png,/root/private_data/iad-vlm-anomaly/datasets/MVTecAD/bottle/test/broken_large/006.png,1,1.0,2,1,0.8620791435241699,0.97,900,900,224,224,216,220,250,250,54,55,62,62,38,1020,0.0012592592592592592,0.8645685911178589,0.8670169711112976,32.853607177734375
MVTec AD,bottle,/root/private_data/iad-vlm-anomaly/datasets/MVTecAD/bottle/test/broken_large/007.png,/root/private_data/iad-vlm-anomaly/datasets/MVTecAD/bottle/test/broken_large/007.png,1,0.8554443120956421,1,1,0.9319316148757935,0.97,900,900,224,224,204,662,414,780,51,165,103,194,835,24780,0.03059259259259259,0.953389585018158,0.9760875701904297,796.080322265625
MVTec AD,bottle,/root/private_data/iad-vlm-anomaly/datasets/MVTecAD/bottle/test/broken_large/007.png,/root/private_data/iad-vlm-anomaly/datasets/MVTecAD/bottle/test/broken_large/007.png,1,0.8554443120956421,2,1,0.9319316148757935,0.97,900,900,224,224,140,437,225,619,35,109,56,154,671,15470,0.019098765432098767,0.9630596041679382,1.0,646.2130126953125
MVTec AD,bottle,/root/private_data/iad-vlm-anomaly/datasets/MVTecAD/bottle/test/broken_large/008.png,/root/private_data/iad-vlm-anomaly/datasets/MVTecAD/bottle/test/broken_large/008.png,1,0.9519696235656738,1,1,0.9142218828201294,0.97,900,900,224,224,216,574,410,768,54,143,102,191,966,37636,0.0464641975308642,0.9512802362442017,1.0,918.9367065429688
MVTec AD,bottle,/root/private_data/iad-vlm-anomaly/datasets/MVTecAD/bottle/test/broken_large/008.png,/root/private_data/iad-vlm-anomaly/datasets/MVTecAD/bottle/test/broken_large/008.png,1,0.9519696235656738,2,1,0.9142218828201294,0.97,900,900,224,224,610,582,708,736,152,145,176,183,540,15092,0.0186320987654321,0.938442587852478,0.9714000821113586,506.7590026855469
MVTec AD,bottle,/root/private_data/iad-vlm-anomaly/datasets/MVTecAD/bottle/test/broken_large/009.png,/root/private_data/iad-vlm-anomaly/datasets/MVTecAD/bottle/test/broken_large/009.png,1,0.8420738577842712,1,1,0.8228332996368408,0.97,900,900,224,224,377,140,639,254,94,35,159,63,1350,29868,0.03687407407407407,0.895410418510437,1.0,1208.8040771484375
MVTec AD,bottle,/root/private_data/iad-vlm-anomaly/datasets/MVTecAD/bottle/test/broken_large/009.png,/root/private_data/iad-vlm-anomaly/datasets/MVTecAD/bottle/test/broken_large/009.png,1,0.8420738577842712,2,1,0.8228332996368408,0.97,900,900,224,224,695,514,744,587,173,128,185,146,156,3577,0.004416049382716049,0.8386737108230591,0.8552648425102234,130.83309936523438
MVTec AD,bottle,/root/private_data/iad-vlm-anomaly/datasets/MVTecAD/bottle/test/broken_large/010.png,/root/private_data/iad-vlm-anomaly/datasets/MVTecAD/bottle/test/broken_large/010.png,1,0.9531456232070923,1,1,0.8830516934394836,0.97,900,900,224,224,188,168,455,318,47,42,113,79,1506,40050,0.049444444444444444,0.9362009763717651,1.0,1409.918701171875
MVTec AD,bottle,/root/private_data/iad-vlm-anomaly/datasets/MVTecAD/bottle/test/broken_large/011.png,/root/private_data/iad-vlm-anomaly/datasets/MVTecAD/bottle/test/broken_large/011.png,1,0.7553346753120422,1,1,0.907563328742981,0.97,900,900,224,224,261,618,680,756,65,154,169,188,1506,57822,0.07138518518518519,0.9495769143104553,1.0,1430.0628662109375
MVTec AD,bottle,/root/private_data/iad-vlm-anomaly/datasets/MVTecAD/bottle/test/broken_large/012.png,/root/private_data/iad-vlm-anomaly/datasets/MVTecAD/bottle/test/broken_large/012.png,1,0.942373514175415,1,1,0.759463906288147,0.97,900,900,224,224,454,152,680,298,113,38,169,74,1411,32996,0.0407358024691358,0.8620964288711548,1.0,1216.4180908203125
MVTec AD,bottle,/root/private_data/iad-vlm-anomaly/datasets/MVTecAD/bottle/test/broken_large/012.png,/root/private_data/iad-vlm-anomaly/datasets/MVTecAD/bottle/test/broken_large/012.png,1,0.942373514175415,2,1,0.759463906288147,0.97,900,900,224,224,735,433,768,499,183,108,191,124,95,2178,0.002688888888888889,0.7677023410797119,0.776572048664093,72.93172454833984
MVTec AD,bottle,/root/private_data/iad-vlm-anomaly/datasets/MVTecAD/bottle/test/broken_large/013.png,/root/private_data/iad-vlm-anomaly/datasets/MVTecAD/bottle/test/broken_large/013.png,1,0.8903416395187378,1,1,0.9367610812187195,0.97,900,900,224,224,389,156,736,354,97,39,183,88,1506,68706,0.08482222222222222,0.9679058790206909,1.0,1457.666259765625
MVTec AD,bottle,/root/private_data/iad-vlm-anomaly/datasets/MVTecAD/bottle/test/broken_large/014.png,/root/private_data/iad-vlm-anomaly/datasets/MVTecAD/bottle/test/broken_large/014.png,1,0.935484766960144,1,1,0.7628832459449768,0.97,900,900,224,224,176,542,382,736,44,135,95,183,1506,39964,0.04933827160493827,0.871727466583252,1.0,1312.821533203125
MVTec AD,bottle,/root/private_data/iad-vlm-anomaly/datasets/MVTecAD/bottle/test/broken_large/015.png,/root/private_data/iad-vlm-anomaly/datasets/MVTecAD/bottle/test/broken_large/015.png,1,0.9484529495239258,1,1,0.851466178894043,0.97,900,900,224,224,679,369,780,571,169,92,194,142,991,20402,0.025187654320987653,0.9151477813720703,1.0,906.9114379882812
MVTec AD,bottle,/root/private_data/iad-vlm-anomaly/datasets/MVTecAD/bottle/test/broken_large/015.png,/root/private_data/iad-vlm-anomaly/datasets/MVTecAD/bottle/test/broken_large/015.png,1,0.9484529495239258,2,1,0.851466178894043,0.97,900,900,224,224,506,642,667,732,126,160,166,182,515,14490,0.017888888888888888,0.8767964243888855,0.9115712642669678,451.5501708984375
MVTec AD,bottle,/root/private_data/iad-vlm-anomaly/datasets/MVTecAD/bottle/test/broken_large/016.png,/root/private_data/iad-vlm-anomaly/datasets/MVTecAD/bottle/test/broken_large/016.png,1,0.87273108959198,1,1,0.9470447897911072,0.97,900,900,224,224,494,526,728,736,123,131,181,183,795,49140,0.06066666666666667,0.965397298336029,0.9893169403076172,767.4908447265625
MVTec AD,bottle,/root/private_data/iad-vlm-anomaly/datasets/MVTecAD/bottle/test/broken_large/016.png,/root/private_data/iad-vlm-anomaly/datasets/MVTecAD/bottle/test/broken_large/016.png,1,0.87273108959198,2,1,0.9470447897911072,0.97,900,900,224,224,666,257,772,446,166,64,192,111,571,20034,0.024733333333333333,0.9686954021453857,1.0,553.1250610351562
MVTec AD,bottle,/root/private_data/iad-vlm-anomaly/datasets/MVTecAD/bottle/test/broken_large/016.png,/root/private_data/iad-vlm-anomaly/datasets/MVTecAD/bottle/test/broken_large/016.png,1,0.87273108959198,3,1,0.9470447897911072,0.97,900,900,224,224,598,212,647,250,149,53,161,62,81,1862,0.0022987654320987655,0.9515979886054993,0.9565344452857971,77.07943725585938
MVTec AD,bottle,/root/private_data/iad-vlm-anomaly/datasets/MVTecAD/bottle/test/broken_large/017.png,/root/private_data/iad-vlm-anomaly/datasets/MVTecAD/bottle/test/broken_large/017.png,1,0.9360688924789429,1,1,0.8824790120124817,0.97,900,900,224,224,144,204,370,438,36,51,92,109,828,52884,0.06528888888888888,0.8949871063232422,0.9216852188110352,741.04931640625
MVTec AD,bottle,/root/private_data/iad-vlm-anomaly/datasets/MVTecAD/bottle/test/broken_large/017.png,/root/private_data/iad-vlm-anomaly/datasets/MVTecAD/bottle/test/broken_large/017.png,1,0.9360688924789429,2,1,0.8824790120124817,0.97,900,900,224,224,454,164,623,258,113,41,155,64,678,15886,0.019612345679012346,0.9331340193748474,1.0,632.6648559570312
MVTec AD,bottle,/root/private_data/iad-vlm-anomaly/datasets/MVTecAD/bottle/test/broken_large/018.png,/root/private_data/iad-vlm-anomaly/datasets/MVTecAD/bottle/test/broken_large/018.png,1,0.9721400737762451,1,1,0.8863584399223328,0.97,900,900,224,224,212,638,479,784,53,159,119,195,1380,38982,0.048125925925925926,0.9315376877784729,1.0,1285.52197265625
MVTec AD,bottle,/root/private_data/iad-vlm-anomaly/datasets/MVTecAD/bottle/test/broken_large/018.png,/root/private_data/iad-vlm-anomaly/datasets/MVTecAD/bottle/test/broken_large/018.png,1,0.9721400737762451,2,1,0.8863584399223328,0.97,900,900,224,224,164,357,205,422,41,89,51,105,126,2665,0.0032901234567901234,0.8956195116043091,0.9055147767066956,112.84806060791016
MVTec AD,bottle,/root/private_data/iad-vlm-anomaly/datasets/MVTecAD/bottle/test/broken_large/019.png,/root/private_data/iad-vlm-anomaly/datasets/MVTecAD/bottle/test/broken_large/019.png,1,0.9099395871162415,1,1,0.8744885921478271,0.97,900,900,224,224,550,208,756,374,137,52,188,93,1141,34196,0.04221728395061728,0.9318432807922363,1.0,1063.233154296875
MVTec AD,bottle,/root/private_data/iad-vlm-anomaly/datasets/MVTecAD/bottle/test/broken_large/019.png,/root/private_data/iad-vlm-anomaly/datasets/MVTecAD/bottle/test/broken_large/019.png,1,0.9099395871162415,2,1,0.8744885921478271,0.97,900,900,224,224,719,526,776,623,179,131,193,155,252,5529,0.006825925925925926,0.8922250866889954,0.9101502299308777,224.84072875976562
MVTec AD,bottle,/root/private_data/iad-vlm-anomaly/datasets/MVTecAD/bottle/test/broken_large/019.png,/root/private_data/iad-vlm-anomaly/datasets/MVTecAD/bottle/test/broken_large/019.png,1,0.9099395871162415,3,1,0.8744885921478271,0.97,900,900,224,224,494,711,587,748,123,177,146,186,113,3441,0.0042481481481481485,0.8782700300216675,0.8836351633071899,99.24451446533203
MVTec AD,bottle,/root/private_data/iad-vlm-anomaly/datasets/MVTecAD/bottle/test/broken_small/000.png,/root/private_data/iad-vlm-anomaly/datasets/MVTecAD/bottle/test/broken_small/000.png,1,0.6358686685562134,1,1,0.6194572448730469,0.97,900,900,224,224,160,502,330,688,40,125,82,171,1506,31620,0.03903703703703704,0.7828028798103333,1.0,1178.901123046875
MVTec AD,bottle,/root/private_data/iad-vlm-anomaly/datasets/MVTecAD/bottle/test/broken_small/001.png,/root/private_data/iad-vlm-anomaly/datasets/MVTecAD/bottle/test/broken_small/001.png,1,0.8769760131835938,1,1,0.698097288608551,0.97,900,900,224,224,156,233,310,438,39,58,77,109,1506,31570,0.038975308641975306,0.837448239326477,1.0,1261.197021484375
MVTec AD,bottle,/root/private_data/iad-vlm-anomaly/datasets/MVTecAD/bottle/test/broken_small/002.png,/root/private_data/iad-vlm-anomaly/datasets/MVTecAD/bottle/test/broken_small/002.png,1,0.9176880121231079,1,1,0.7602737545967102,0.97,900,900,224,224,602,245,772,491,150,61,192,122,1506,41820,0.05162962962962963,0.8560906052589417,1.0,1289.2724609375
MVTec AD,bottle,/root/private_data/iad-vlm-anomaly/datasets/MVTecAD/bottle/test/broken_small/003.png,/root/private_data/iad-vlm-anomaly/datasets/MVTecAD/bottle/test/broken_small/003.png,1,0.8776735067367554,1,1,0.8307573795318604,0.97,900,900,224,224,233,606,459,764,58,151,114,190,1279,35708,0.04408395061728395,0.9084373116493225,1.0,1161.891357421875
MVTec AD,bottle,/root/private_data/iad-vlm-anomaly/datasets/MVTecAD/bottle/test/broken_small/003.png,/root/private_data/iad-vlm-anomaly/datasets/MVTecAD/bottle/test/broken_small/003.png,1,0.8776735067367554,2,1,0.8307573795318604,0.97,900,900,224,224,546,666,647,724,136,166,161,180,227,5858,0.007232098765432099,0.8489075899124146,0.8719611167907715,192.7020263671875
MVTec AD,bottle,/root/private_data/iad-vlm-anomaly/datasets/MVTecAD/bottle/test/broken_small/004.png,/root/private_data/iad-vlm-anomaly/datasets/MVTecAD/bottle/test/broken_small/004.png,1,0.9998161792755127,1,1,0.747246265411377,0.97,900,900,224,224,208,582,410,756,52,145,102,188,1506,35148,0.043392592592592594,0.8630914092063904,1.0,1299.815673828125
MVTec AD,bottle,/root/private_data/iad-vlm-anomaly/datasets/MVTecAD/bottle/test/broken_small/005.png,/root/private_data/iad-vlm-anomaly/datasets/MVTecAD/bottle/test/broken_small/005.png,1,0.7142408490180969,1,1,0.7048363089561462,0.97,900,900,224,224,212,594,406,780,53,148,101,194,1506,36084,0.04454814814814815,0.8466317057609558,1.0,1275.02734375
MVTec AD,bottle,/root/private_data/iad-vlm-anomaly/datasets/MVTecAD/bottle/test/broken_small/006.png,/root/private_data/iad-vlm-anomaly/datasets/MVTecAD/bottle/test/broken_small/006.png,1,0.9030812978744507,1,1,0.7350051403045654,0.97,900,900,224,224,385,132,615,278,96,33,153,69,1506,33580,0.04145679012345679,0.8529654145240784,1.0,1284.56591796875
MVTec AD,bottle,/root/private_data/iad-vlm-anomaly/datasets/MVTecAD/bottle/test/broken_small/007.png,/root/private_data/iad-vlm-anomaly/datasets/MVTecAD/bottle/test/broken_small/007.png,1,0.7824794054031372,1,1,0.7339470386505127,0.97,900,900,224,224,658,329,800,551,164,82,199,137,1506,31524,0.03891851851851852,0.85239577293396,1.0,1283.7080078125
MVTec AD,bottle,/root/private_data/iad-vlm-anomaly/datasets/MVTecAD/bottle/test/broken_small/008.png,/root/private_data/iad-vlm-anomaly/datasets/MVTecAD/bottle/test/broken_small/008.png,1,0.7785192728042603,1,1,0.8017918467521667,0.97,900,900,224,224,450,598,684,780,112,149,170,194,1506,42588,0.05257777777777778,0.8867496848106384,1.0,1335.445068359375
MVTec AD,bottle,/root/private_data/iad-vlm-anomaly/datasets/MVTecAD/bottle/test/broken_small/009.png,/root/private_data/iad-vlm-anomaly/datasets/MVTecAD/bottle/test/broken_small/009.png,1,0.8899209499359131,1,1,0.7124797105789185,0.97,900,900,224,224,237,630,467,784,59,157,116,195,1506,35420,0.043728395061728396,0.8434017896652222,1.0,1270.1630859375
MVTec AD,bottle,/root/private_data/iad-vlm-anomaly/datasets/MVTecAD/bottle/test/broken_small/010.png,/root/private_data/iad-vlm-anomaly/datasets/MVTecAD/bottle/test/broken_small/010.png,1,0.9816572666168213,1,1,0.7504522800445557,0.97,900,900,224,224,490,168,708,330,122,42,176,82,1506,35316,0.0436,0.8634178042411804,1.0,1300.3072509765625
MVTec AD,bottle,/root/private_data/iad-vlm-anomaly/datasets/MVTecAD/bottle/test/broken_small/011.png,/root/private_data/iad-vlm-anomaly/datasets/MVTecAD/bottle/test/broken_small/011.png,1,0.7647207975387573,1,1,0.7478343844413757,0.97,900,900,224,224,128,405,274,639,32,101,68,159,1506,34164,0.04217777777777778,0.8700874447822571,1.0,1310.3516845703125
MVTec AD,bottle,/root/private_data/iad-vlm-anomaly/datasets/MVTecAD/bottle/test/broken_small/012.png,/root/private_data/iad-vlm-anomaly/datasets/MVTecAD/bottle/test/broken_small/012.png,1,0.9101588726043701,1,1,0.8480437994003296,0.97,900,900,224,224,257,618,571,776,64,154,142,193,1506,49612,0.061249382716049385,0.9077616333961487,1.0,1367.0889892578125
MVTec AD,bottle,/root/private_data/iad-vlm-anomaly/datasets/MVTecAD/bottle/test/broken_small/013.png,/root/private_data/iad-vlm-anomaly/datasets/MVTecAD/bottle/test/broken_small/013.png,1,0.8205888867378235,1,1,0.7967126369476318,0.97,900,900,224,224,510,160,724,326,127,40,180,81,1506,35524,0.04385679012345679,0.8963683247566223,1.0,1349.9306640625
MVTec AD,bottle,/root/private_data/iad-vlm-anomaly/datasets/MVTecAD/bottle/test/broken_small/014.png,/root/private_data/iad-vlm-anomaly/datasets/MVTecAD/bottle/test/broken_small/014.png,1,0.6916350722312927,1,1,0.7061290740966797,0.97,900,900,224,224,124,417,274,639,31,104,68,159,1506,33300,0.04111111111111111,0.8444725275039673,1.0,1271.775634765625
MVTec AD,bottle,/root/private_data/iad-vlm-anomaly/datasets/MVTecAD/bottle/test/broken_small/015.png,/root/private_data/iad-vlm-anomaly/datasets/MVTecAD/bottle/test/broken_small/015.png,1,0.8250021934509277,1,1,0.7786838412284851,0.97,900,900,224,224,542,188,736,386,135,47,183,96,1506,38412,0.04742222222222222,0.8789337873458862,1.0,1323.67431640625
MVTec AD,bottle,/root/private_data/iad-vlm-anomaly/datasets/MVTecAD/bottle/test/broken_small/016.png,/root/private_data/iad-vlm-anomaly/datasets/MVTecAD/bottle/test/broken_small/016.png,1,0.8645837306976318,1,1,0.7186035513877869,0.97,900,900,224,224,586,212,764,418,146,53,190,104,1506,36668,0.045269135802469135,0.8474823236465454,1.0,1276.308349609375
MVTec AD,bottle,/root/private_data/iad-vlm-anomaly/datasets/MVTecAD/bottle/test/broken_small/017.png,/root/private_data/iad-vlm-anomaly/datasets/MVTecAD/bottle/test/broken_small/017.png,1,0.9756245613098145,1,1,0.722285270690918,0.97,900,900,224,224,116,289,266,507,29,72,66,126,1506,32700,0.04037037037037037,0.8493534922599792,1.0,1279.1263427734375
MVTec AD,bottle,/root/private_data/iad-vlm-anomaly/datasets/MVTecAD/bottle/test/broken_small/018.png,/root/private_data/iad-vlm-anomaly/datasets/MVTecAD/bottle/test/broken_small/018.png,1,1.0,1,1,0.8134100437164307,0.97,900,900,224,224,200,530,434,756,50,132,108,188,1506,52884,0.06528888888888888,0.8923292756080627,1.0,1343.847900390625
MVTec AD,bottle,/root/private_data/iad-vlm-anomaly/datasets/MVTecAD/bottle/test/broken_small/019.png,/root/private_data/iad-vlm-anomaly/datasets/MVTecAD/bottle/test/broken_small/019.png,1,0.9708271026611328,1,1,0.7570934891700745,0.97,900,900,224,224,168,498,338,720,42,124,84,179,1506,37740,0.046592592592592595,0.8708840012550354,1.0,1311.55126953125
MVTec AD,bottle,/root/private_data/iad-vlm-anomaly/datasets/MVTecAD/bottle/test/broken_small/020.png,/root/private_data/iad-vlm-anomaly/datasets/MVTecAD/bottle/test/broken_small/020.png,1,0.9985673427581787,1,1,0.7656765580177307,0.97,900,900,224,224,598,470,760,688,149,117,189,171,1506,35316,0.0436,0.8718878030776978,1.0,1313.06298828125
MVTec AD,bottle,/root/private_data/iad-vlm-anomaly/datasets/MVTecAD/bottle/test/broken_small/021.png,/root/private_data/iad-vlm-anomaly/datasets/MVTecAD/bottle/test/broken_small/021.png,1,0.8743343949317932,1,1,0.7028189897537231,0.97,900,900,224,224,630,441,784,659,157,110,195,164,1506,33572,0.041446913580246915,0.8428483605384827,1.0,1269.32958984375
MVTec AD,bottle,/root/private_data/iad-vlm-anomaly/datasets/MVTecAD/bottle/test/contamination/000.png,/root/private_data/iad-vlm-anomaly/datasets/MVTecAD/bottle/test/contamination/000.png,1,0.8020601272583008,1,1,0.9246976375579834,0.97,900,900,224,224,345,309,567,523,86,77,141,130,1506,47508,0.05865185185185185,0.9603679180145264,1.0,1446.3140869140625
MVTec AD,bottle,/root/private_data/iad-vlm-anomaly/datasets/MVTecAD/bottle/test/contamination/001.png,/root/private_data/iad-vlm-anomaly/datasets/MVTecAD/bottle/test/contamination/001.png,1,0.5968178510665894,1,1,0.9431121349334717,0.97,900,900,224,224,441,341,619,607,110,85,154,151,1364,47348,0.058454320987654323,0.964861273765564,1.0,1316.07080078125
MVTec AD,bottle,/root/private_data/iad-vlm-anomaly/datasets/MVTecAD/bottle/test/contamination/001.png,/root/private_data/iad-vlm-anomaly/datasets/MVTecAD/bottle/test/contamination/001.png,1,0.5968178510665894,2,1,0.9431121349334717,0.97,900,900,224,224,441,666,491,732,110,166,122,182,142,3300,0.004074074074074074,0.9566294550895691,0.9728783965110779,135.8413848876953
MVTec AD,bottle,/root/private_data/iad-vlm-anomaly/datasets/MVTecAD/bottle/test/contamination/002.png,/root/private_data/iad-vlm-anomaly/datasets/MVTecAD/bottle/test/contamination/002.png,1,0.7413212060928345,1,1,0.7229651212692261,0.97,900,900,224,224,309,474,479,659,77,118,119,164,1506,31450,0.03882716049382716,0.8451935052871704,1.0,1272.8614501953125
MVTec AD,bottle,/root/private_data/iad-vlm-anomaly/datasets/MVTecAD/bottle/test/contamination/003.png,/root/private_data/iad-vlm-anomaly/datasets/MVTecAD/bottle/test/contamination/003.png,1,0.5,1,1,0.8791106343269348,0.97,900,900,224,224,610,405,792,692,152,101,197,172,1506,52234,0.06448641975308642,0.9323723316192627,1.0,1404.1527099609375
MVTec AD,bottle,/root/private_data/iad-vlm-anomaly/datasets/MVTecAD/bottle/test/contamination/004.png,/root/private_data/iad-vlm-anomaly/datasets/MVTecAD/bottle/test/contamination/004.png,1,0.59261155128479,1,1,0.8379830121994019,0.97,900,900,224,224,168,526,426,776,42,131,106,193,1506,64500,0.07962962962962963,0.8939738869667053,1.0,1346.32470703125
MVTec AD,bottle,/root/private_data/iad-vlm-anomaly/datasets/MVTecAD/bottle/test/contamination/005.png,/root/private_data/iad-vlm-anomaly/datasets/MVTecAD/bottle/test/contamination/005.png,1,0.9656858444213867,1,1,0.9224201440811157,0.97,900,900,224,224,361,369,515,579,90,92,128,144,1506,32340,0.03992592592592593,0.9627101421356201,1.0,1449.8414306640625
MVTec AD,bottle,/root/private_data/iad-vlm-anomaly/datasets/MVTecAD/bottle/test/contamination/006.png,/root/private_data/iad-vlm-anomaly/datasets/MVTecAD/bottle/test/contamination/006.png,1,0.8697603344917297,1,1,0.883583664894104,0.97,900,900,224,224,337,397,511,571,84,99,127,142,1506,30276,0.03737777777777778,0.9319303035736084,1.0,1403.487060546875
MVTec AD,bottle,/root/private_data/iad-vlm-anomaly/datasets/MVTecAD/bottle/test/contamination/007.png,/root/private_data/iad-vlm-anomaly/datasets/MVTecAD/bottle/test/contamination/007.png,1,1.0,1,1,0.9243599772453308,0.97,900,900,224,224,570,490,728,828,142,122,181,206,1506,53404,0.06593086419753086,0.9693673849105835,1.0,1459.8673095703125
MVTec AD,bottle,/root/private_data/iad-vlm-anomaly/datasets/MVTecAD/bottle/test/contamination/008.png,/root/private_data/iad-vlm-anomaly/datasets/MVTecAD/bottle/test/contamination/008.png,1,0.8534098863601685,1,1,0.9006909728050232,0.97,900,900,224,224,369,313,551,499,92,78,137,124,1506,33852,0.04179259259259259,0.9548736810684204,1.0,1438.039794921875
MVTec AD,bottle,/root/private_data/iad-vlm-anomaly/datasets/MVTecAD/bottle/test/contamination/009.png,/root/private_data/iad-vlm-anomaly/datasets/MVTecAD/bottle/test/contamination/009.png,1,0.959202766418457,1,1,0.7921586632728577,0.97,900,900,224,224,373,345,547,523,93,86,136,130,1506,30972,0.038237037037037035,0.8881732225418091,1.0,1337.5888671875
MVTec AD,bottle,/root/private_data/iad-vlm-anomaly/datasets/MVTecAD/bottle/test/contamination/010.png,/root/private_data/iad-vlm-anomaly/datasets/MVTecAD/bottle/test/contamination/010.png,1,0.9722808003425598,1,1,0.8189883828163147,0.97,900,900,224,224,393,357,575,535,98,89,143,133,1506,32396,0.039995061728395065,0.9048395156860352,1.0,1362.6883544921875
MVTec AD,bottle,/root/private_data/iad-vlm-anomaly/datasets/MVTecAD/bottle/test/contamination/011.png,/root/private_data/iad-vlm-anomaly/datasets/MVTecAD/bottle/test/contamination/011.png,1,0.6426473259925842,1,1,0.9533814787864685,0.97,900,900,224,224,373,301,579,511,93,75,144,127,1506,43260,0.05340740740740741,0.9739073514938354,1.0,1466.7044677734375
MVTec AD,bottle,/root/private_data/iad-vlm-anomaly/datasets/MVTecAD/bottle/test/contamination/012.png,/root/private_data/iad-vlm-anomaly/datasets/MVTecAD/bottle/test/contamination/012.png,1,0.5837942361831665,1,1,0.9206341505050659,0.97,900,900,224,224,373,373,595,587,93,93,148,146,1506,47508,0.05865185185185185,0.952742874622345,1.0,1434.830810546875
MVTec AD,bottle,/root/private_data/iad-vlm-anomaly/datasets/MVTecAD/bottle/test/contamination/013.png,/root/private_data/iad-vlm-anomaly/datasets/MVTecAD/bottle/test/contamination/013.png,1,1.0,1,1,0.9076544046401978,0.97,900,900,224,224,92,365,354,495,23,91,88,123,1506,34060,0.04204938271604938,0.9512360692024231,1.0,1432.5615234375
MVTec AD,bottle,/root/private_data/iad-vlm-anomaly/datasets/MVTecAD/bottle/test/contamination/014.png,/root/private_data/iad-vlm-anomaly/datasets/MVTecAD/bottle/test/contamination/014.png,1,0.7857407331466675,1,1,0.7501892447471619,0.97,900,900,224,224,329,691,434,900,82,172,108,224,974,21945,0.02709259259259259,0.8473589420318604,1.0,825.32763671875
MVTec AD,bottle,/root/private_data/iad-vlm-anomaly/datasets/MVTecAD/bottle/test/contamination/014.png,/root/private_data/iad-vlm-anomaly/datasets/MVTecAD/bottle/test/contamination/014.png,1,0.7857407331466675,2,1,0.7501892447471619,0.97,900,900,224,224,357,498,442,639,89,124,110,159,532,11985,0.014796296296296297,0.7980786561965942,0.857745885848999,424.5778503417969
MVTec AD,bottle,/root/private_data/iad-vlm-anomaly/datasets/MVTecAD/bottle/test/contamination/015.png,/root/private_data/iad-vlm-anomaly/datasets/MVTecAD/bottle/test/contamination/015.png,1,0.9078371524810791,1,1,0.8459674119949341,0.97,900,900,224,224,345,321,563,511,86,80,140,127,1506,41420,0.0511358024691358,0.9144235253334045,1.0,1377.121826171875
MVTec AD,bottle,/root/private_data/iad-vlm-anomaly/datasets/MVTecAD/bottle/test/contamination/016.png,/root/private_data/iad-vlm-anomaly/datasets/MVTecAD/bottle/test/contamination/016.png,1,0.5598381757736206,1,1,0.9166251420974731,0.97,900,900,224,224,285,357,471,615,71,89,117,153,1391,47988,0.05924444444444445,0.9408726692199707,1.0,1308.75390625
MVTec AD,bottle,/root/private_data/iad-vlm-anomaly/datasets/MVTecAD/bottle/test/contamination/016.png,/root/private_data/iad-vlm-anomaly/datasets/MVTecAD/bottle/test/contamination/016.png,1,0.5598381757736206,2,1,0.9166251420974731,0.97,900,900,224,224,486,337,527,390,121,84,131,97,115,2173,0.002682716049382716,0.9216087460517883,0.9263996481895447,105.9850082397461
MVTec AD,bottle,/root/private_data/iad-vlm-anomaly/datasets/MVTecAD/bottle/test/contamination/017.png,/root/private_data/iad-vlm-anomaly/datasets/MVTecAD/bottle/test/contamination/017.png,1,1.0,1,1,0.9170733094215393,0.97,900,900,224,224,44,88,254,346,11,22,63,86,1506,54180,0.06688888888888889,0.9532772302627563,1.0,1435.635498046875
MVTec AD,bottle,/root/private_data/iad-vlm-anomaly/datasets/MVTecAD/bottle/test/contamination/018.png,/root/private_data/iad-vlm-anomaly/datasets/MVTecAD/bottle/test/contamination/018.png,1,1.0,1,1,0.7946054935455322,0.97,900,900,224,224,626,289,844,495,156,72,210,123,1506,44908,0.05544197530864198,0.9032202959060669,1.0,1360.249755859375
MVTec AD,bottle,/root/private_data/iad-vlm-anomaly/datasets/MVTecAD/bottle/test/contamination/019.png,/root/private_data/iad-vlm-anomaly/datasets/MVTecAD/bottle/test/contamination/019.png,1,0.5421993136405945,1,1,0.8279261589050293,0.97,900,900,224,224,558,421,772,712,139,105,192,177,1506,62274,0.07688148148148148,0.8862043023109436,1.0,1334.6236572265625
MVTec AD,bottle,/root/private_data/iad-vlm-anomaly/datasets/MVTecAD/bottle/test/contamination/020.png,/root/private_data/iad-vlm-anomaly/datasets/MVTecAD/bottle/test/contamination/020.png,1,0.5674659609794617,1,1,0.886914849281311,0.97,900,900,224,224,337,365,467,647,84,91,116,161,1506,36660,0.045259259259259256,0.9309805035591125,1.0,1402.056640625
MVTec AD,bottle,/root/private_data/iad-vlm-anomaly/datasets/MVTecAD/bottle/test/good/000.png,/root/private_data/iad-vlm-anomaly/datasets/MVTecAD/bottle/test/good/000.png,0,0.21108108758926392,1,1,0.928209662437439,0.97,900,900,224,224,128,265,225,378,32,66,56,94,491,10961,0.013532098765432099,0.9619802236557007,1.0,472.332275390625
MVTec AD,bottle,/root/private_data/iad-vlm-anomaly/datasets/MVTecAD/bottle/test/good/000.png,/root/private_data/iad-vlm-anomaly/datasets/MVTecAD/bottle/test/good/000.png,0,0.21108108758926392,2,1,0.928209662437439,0.97,900,900,224,224,325,695,414,780,81,173,103,194,290,7565,0.009339506172839506,0.9506248831748962,0.97232586145401,275.68121337890625
MVTec AD,bottle,/root/private_data/iad-vlm-anomaly/datasets/MVTecAD/bottle/test/good/000.png,/root/private_data/iad-vlm-anomaly/datasets/MVTecAD/bottle/test/good/000.png,0,0.21108108758926392,3,1,0.928209662437439,0.97,900,900,224,224,642,204,724,274,160,51,180,68,263,5740,0.00708641975308642,0.9579416513442993,0.9954823851585388,251.93865966796875
MVTec AD,bottle,/root/private_data/iad-vlm-anomaly/datasets/MVTecAD/bottle/test/good/001.png,/root/private_data/iad-vlm-anomaly/datasets/MVTecAD/bottle/test/good/001.png,0,0.2937045693397522,1,1,0.8030571937561035,0.97,900,900,224,224,108,329,238,471,27,82,59,117,781,18460,0.022790123456790122,0.8824965953826904,0.9877609610557556,689.2298583984375
MVTec AD,bottle,/root/private_data/iad-vlm-anomaly/datasets/MVTecAD/bottle/test/good/001.png,/root/private_data/iad-vlm-anomaly/datasets/MVTecAD/bottle/test/good/001.png,0,0.2937045693397522,2,1,0.8030571937561035,0.97,900,900,224,224,546,638,675,756,136,159,168,188,725,15222,0.018792592592592593,0.8883398175239563,1.0,644.04638671875
MVTec AD,bottle,/root/private_data/iad-vlm-anomaly/datasets/MVTecAD/bottle/test/good/002.png,/root/private_data/iad-vlm-anomaly/datasets/MVTecAD/bottle/test/good/002.png,0,0.24516421556472778,1,1,0.8819851875305176,0.97,900,900,224,224,389,703,527,816,97,175,131,203,695,15594,0.019251851851851853,0.9372172951698303,1.0,651.3660278320312
MVTec AD,bottle,/root/private_data/iad-vlm-anomaly/datasets/MVTecAD/bottle/test/good/002.png,/root/private_data/iad-vlm-anomaly/datasets/MVTecAD/bottle/test/good/002.png,0,0.24516421556472778,2,1,0.8819851875305176,0.97,900,900,224,224,683,385,792,635,170,96,197,158,680,27250,0.03364197530864198,0.9011384844779968,0.9327222108840942,612.774169921875
MVTec AD,bottle,/root/private_data/iad-vlm-anomaly/datasets/MVTecAD/bottle/test/good/002.png,/root/private_data/iad-vlm-anomaly/datasets/MVTecAD/bottle/test/good/002.png,0,0.24516421556472778,3,1,0.8819851875305176,0.97,900,900,224,224,602,679,651,736,150,169,162,183,131,2793,0.003448148148148148,0.8944627046585083,0.9093226790428162,117.17461395263672
MVTec AD,bottle,/root/private_data/iad-vlm-anomaly/datasets/MVTecAD/bottle/test/good/003.png,/root/private_data/iad-vlm-anomaly/datasets/MVTecAD/bottle/test/good/003.png,0,0.2088160216808319,1,1,0.8990089893341064,0.97,900,900,224,224,241,64,455,209,60,16,113,52,997,31030,0.038308641975308644,0.9391741156578064,1.0,936.3565673828125
MVTec AD,bottle,/root/private_data/iad-vlm-anomaly/datasets/MVTecAD/bottle/test/good/003.png,/root/private_data/iad-vlm-anomaly/datasets/MVTecAD/bottle/test/good/003.png,0,0.2088160216808319,2,1,0.8990089893341064,0.97,900,900,224,224,253,216,338,298,63,54,84,74,275,6970,0.008604938271604938,0.9286922812461853,0.9647558331489563,255.390380859375
MVTec AD,bottle,/root/private_data/iad-vlm-anomaly/datasets/MVTecAD/bottle/test/good/003.png,/root/private_data/iad-vlm-anomaly/datasets/MVTecAD/bottle/test/good/003.png,0,0.2088160216808319,3,1,0.8990089893341064,0.97,900,900,224,224,699,237,752,306,174,59,187,76,138,3657,0.004514814814814814,0.9087703824043274,0.9188764095306396,125.41031646728516
MVTec AD,bottle,/root/private_data/iad-vlm-anomaly/datasets/MVTecAD/bottle/test/good/004.png,/root/private_data/iad-vlm-anomaly/datasets/MVTecAD/bottle/test/good/004.png,0,0.21336650848388672,1,1,0.8340939879417419,0.97,900,900,224,224,124,241,254,394,31,60,63,98,835,19890,0.024555555555555556,0.9008207321166992,1.0,752.185302734375
MVTec AD,bottle,/root/private_data/iad-vlm-anomaly/datasets/MVTecAD/bottle/test/good/004.png,/root/private_data/iad-vlm-anomaly/datasets/MVTecAD/bottle/test/good/004.png,0,0.21336650848388672,2,1,0.8340939879417419,0.97,900,900,224,224,136,562,254,692,34,140,63,172,542,15340,0.018938271604938273,0.8735125660896301,0.9357936382293701,473.4438171386719
MVTec AD,bottle,/root/private_data/iad-vlm-anomaly/datasets/MVTecAD/bottle/test/good/004.png,/root/private_data/iad-vlm-anomaly/datasets/MVTecAD/bottle/test/good/004.png,0,0.21336650848388672,3,1,0.8340939879417419,0.97,900,900,224,224,703,233,744,286,175,58,185,71,89,2173,0.002682716049382716,0.8424823880195618,0.8540072441101074,74.9809341430664
MVTec AD,bottle,/root/private_data/iad-vlm-anomaly/datasets/MVTecAD/bottle/test/good/005.png,/root/private_data/iad-vlm-anomaly/datasets/MVTecAD/bottle/test/good/005.png,0,0.19420474767684937,1,1,0.9347894191741943,0.97,900,900,224,224,566,562,720,780,141,140,179,194,933,33572,0.041446913580246915,0.9642606973648071,1.0,899.6552124023438
MVTec AD,bottle,/root/private_data/iad-vlm-anomaly/datasets/MVTecAD/bottle/test/good/005.png,/root/private_data/iad-vlm-anomaly/datasets/MVTecAD/bottle/test/good/005.png,0,0.19420474767684937,2,1,0.9347894191741943,0.97,900,900,224,224,160,590,217,651,40,147,54,162,163,3477,0.004292592592592593,0.9523760080337524,0.9706589579582214,155.23728942871094
MVTec AD,bottle,/root/private_data/iad-vlm-anomaly/datasets/MVTecAD/bottle/test/good/005.png,/root/private_data/iad-vlm-anomaly/datasets/MVTecAD/bottle/test/good/005.png,0,0.19420474767684937,3,1,0.9347894191741943,0.97,900,900,224,224,261,140,298,185,65,35,74,46,80,1665,0.0020555555555555557,0.9482963681221008,0.9639649987220764,75.86370849609375
MVTec AD,bottle,/root/private_data/iad-vlm-anomaly/datasets/MVTecAD/bottle/test/good/006.png,/root/private_data/iad-vlm-anomaly/datasets/MVTecAD/bottle/test/good/006.png,0,0.2805875539779663,1,1,0.8685857057571411,0.97,900,900,224,224,369,413,519,559,92,103,129,139,945,21900,0.027037037037037037,0.9092104434967041,0.9859050512313843,859.203857421875
MVTec AD,bottle,/root/private_data/iad-vlm-anomaly/datasets/MVTecAD/bottle/test/good/006.png,/root/private_data/iad-vlm-anomaly/datasets/MVTecAD/bottle/test/good/006.png,0,0.2805875539779663,2,1,0.8685857057571411,0.97,900,900,224,224,196,634,322,740,49,158,80,184,561,13356,0.01648888888888889,0.9239823818206787,1.0,518.3541259765625
MVTec AD,bottle,/root/private_data/iad-vlm-anomaly/datasets/MVTecAD/bottle/test/good/007.png,/root/private_data/iad-vlm-anomaly/datasets/MVTecAD/bottle/test/good/007.png,0,0.2822203040122986,1,1,0.8009870052337646,0.97,900,900,224,224,100,550,230,736,25,137,57,183,1040,24180,0.02985185185185185,0.8836541175842285,1.0,919.0003051757812
MVTec AD,bottle,/root/private_data/iad-vlm-anomaly/datasets/MVTecAD/bottle/test/good/007.png,/root/private_data/iad-vlm-anomaly/datasets/MVTecAD/bottle/test/good/007.png,0,0.2822203040122986,2,1,0.8009870052337646,0.97,900,900,224,224,614,666,696,796,153,166,173,198,343,10660,0.013160493827160493,0.821397066116333,0.852828860282898,281.73919677734375
MVTec AD,bottle,/root/private_data/iad-vlm-anomaly/datasets/MVTecAD/bottle/test/good/007.png,/root/private_data/iad-vlm-anomaly/datasets/MVTecAD/bottle/test/good/007.png,0,0.2822203040122986,3,1,0.8009870052337646,0.97,900,900,224,224,192,200,234,258,48,50,58,64,104,2436,0.0030074074074074074,0.8154207468032837,0.831584632396698,84.80375671386719
MVTec AD,bottle,/root/private_data/iad-vlm-anomaly/datasets/MVTecAD/bottle/test/good/008.png,/root/private_data/iad-vlm-anomaly/datasets/MVTecAD/bottle/test/good/008.png,0,0.21649721264839172,1,1,0.8514906167984009,0.97,900,900,224,224,691,293,828,527,172,73,206,131,1376,32058,0.03957777777777778,0.9184189438819885,1.0,1263.7445068359375
MVTec AD,bottle,/root/private_data/iad-vlm-anomaly/datasets/MVTecAD/bottle/test/good/008.png,/root/private_data/iad-vlm-anomaly/datasets/MVTecAD/bottle/test/good/008.png,0,0.21649721264839172,2,1,0.8514906167984009,0.97,900,900,224,224,329,755,366,808,82,188,91,201,96,1961,0.0024209876543209875,0.8599823117256165,0.870514452457428,82.55830383300781
MVTec AD,bottle,/root/private_data/iad-vlm-anomaly/datasets/MVTecAD/bottle/test/good/008.png,/root/private_data/iad-vlm-anomaly/datasets/MVTecAD/bottle/test/good/008.png,0,0.21649721264839172,3,1,0.8514906167984009,0.97,900,900,224,224,421,775,450,800,105,193,112,199,34,725,0.0008950617283950618,0.856272280216217,0.8610873818397522,29.113258361816406
MVTec AD,bottle,/root/private_data/iad-vlm-anomaly/datasets/MVTecAD/bottle/test/good/009.png,/root/private_data/iad-vlm-anomaly/datasets/MVTecAD/bottle/test/good/009.png,0,0.31138086318969727,1,1,0.812774121761322,0.97,900,900,224,224,421,92,684,258,105,23,170,64,1500,43658,0.05389876543209877,0.8758453726768494,1.0,1313.76806640625
MVTec AD,bottle,/root/private_data/iad-vlm-anomaly/datasets/MVTecAD/bottle/test/good/010.png,/root/private_data/iad-vlm-anomaly/datasets/MVTecAD/bottle/test/good/010.png,0,0.2460639774799347,1,1,0.8911109566688538,0.97,900,900,224,224,506,711,663,808,126,177,165,201,652,15229,0.018801234567901233,0.940577507019043,1.0,613.2565307617188
MVTec AD,bottle,/root/private_data/iad-vlm-anomaly/datasets/MVTecAD/bottle/test/good/010.png,/root/private_data/iad-vlm-anomaly/datasets/MVTecAD/bottle/test/good/010.png,0,0.2460639774799347,2,1,0.8911109566688538,0.97,900,900,224,224,148,156,282,262,37,39,70,65,420,14204,0.017535802469135803,0.9185789823532104,0.9573488831520081,385.80316162109375
MVTec AD,bottle,/root/private_data/iad-vlm-anomaly/datasets/MVTecAD/bottle/test/good/010.png,/root/private_data/iad-vlm-anomaly/datasets/MVTecAD/bottle/test/good/010.png,0,0.2460639774799347,3,1,0.8911109566688538,0.97,900,900,224,224,727,514,800,643,181,128,199,160,302,9417,0.011625925925925927,0.9065037369728088,0.9304609894752502,273.7641296386719
MVTec AD,bottle,/root/private_data/iad-vlm-anomaly/datasets/MVTecAD/bottle/test/good/011.png,/root/private_data/iad-vlm-anomaly/datasets/MVTecAD/bottle/test/good/011.png,0,0.2015809714794159,1,1,0.916833758354187,0.97,900,900,224,224,277,670,579,792,69,167,144,197,1243,36844,0.04548641975308642,0.9502850770950317,1.0,1181.204345703125
MVTec AD,bottle,/root/private_data/iad-vlm-anomaly/datasets/MVTecAD/bottle/test/good/011.png,/root/private_data/iad-vlm-anomaly/datasets/MVTecAD/bottle/test/good/011.png,0,0.2015809714794159,2,1,0.916833758354187,0.97,900,900,224,224,719,542,784,611,179,135,195,152,175,4485,0.005537037037037037,0.9292569160461426,0.9442242980003357,162.61996459960938
MVTec AD,bottle,/root/private_data/iad-vlm-anomaly/datasets/MVTecAD/bottle/test/good/011.png,/root/private_data/iad-vlm-anomaly/datasets/MVTecAD/bottle/test/good/011.png,0,0.2015809714794159,3,1,0.916833758354187,0.97,900,900,224,224,646,699,688,728,161,174,171,181,62,1218,0.0015037037037037037,0.9249518513679504,0.9334799647331238,57.347015380859375
MVTec AD,bottle,/root/private_data/iad-vlm-anomaly/datasets/MVTecAD/bottle/test/good/012.png,/root/private_data/iad-vlm-anomaly/datasets/MVTecAD/bottle/test/good/012.png,0,0.22292795777320862,1,1,0.940140426158905,0.97,900,900,224,224,626,566,772,780,156,141,192,194,806,31244,0.03857283950617284,0.9649797677993774,1.0,777.773681640625
MVTec AD,bottle,/root/private_data/iad-vlm-anomaly/datasets/MVTecAD/bottle/test/good/012.png,/root/private_data/iad-vlm-anomaly/datasets/MVTecAD/bottle/test/good/012.png,0,0.22292795777320862,2,1,0.940140426158905,0.97,900,900,224,224,160,482,234,671,40,120,58,167,608,13986,0.017266666666666666,0.955053448677063,0.9786361455917358,580.6724853515625
MVTec AD,bottle,/root/private_data/iad-vlm-anomaly/datasets/MVTecAD/bottle/test/good/012.png,/root/private_data/iad-vlm-anomaly/datasets/MVTecAD/bottle/test/good/012.png,0,0.22292795777320862,3,1,0.940140426158905,0.97,900,900,224,224,703,196,740,246,175,49,184,61,92,1850,0.002283950617283951,0.9528017640113831,0.9667615294456482,87.65776062011719
MVTec AD,bottle,/root/private_data/iad-vlm-anomaly/datasets/MVTecAD/bottle/test/good/013.png,/root/private_data/iad-vlm-anomaly/datasets/MVTecAD/bottle/test/good/013.png,0,0.17450571060180664,1,1,0.9141340255737305,0.97,900,900,224,224,437,40,571,185,109,10,142,46,771,19430,0.023987654320987654,0.9545139074325562,1.0,735.9302368164062
MVTec AD,bottle,/root/private_data/iad-vlm-anomaly/datasets/MVTecAD/bottle/test/good/013.png,/root/private_data/iad-vlm-anomaly/datasets/MVTecAD/bottle/test/good/013.png,0,0.17450571060180664,2,1,0.9141340255737305,0.97,900,900,224,224,229,188,362,250,57,47,90,62,332,8246,0.010180246913580247,0.9318371415138245,0.9535617232322693,309.36993408203125
MVTec AD,bottle,/root/private_data/iad-vlm-anomaly/datasets/MVTecAD/bottle/test/good/013.png,/root/private_data/iad-vlm-anomaly/datasets/MVTecAD/bottle/test/good/013.png,0,0.17450571060180664,3,1,0.9141340255737305,0.97,900,900,224,224,590,662,671,756,147,165,167,188,291,7614,0.0094,0.932301938533783,0.9534435868263245,271.29986572265625
MVTec AD,bottle,/root/private_data/iad-vlm-anomaly/datasets/MVTecAD/bottle/test/good/014.png,/root/private_data/iad-vlm-anomaly/datasets/MVTecAD/bottle/test/good/014.png,0,0.2092341184616089,1,1,0.8647973537445068,0.97,900,900,224,224,707,261,812,394,176,65,202,98,572,13965,0.01724074074074074,0.9227521419525146,1.0,527.814208984375
MVTec AD,bottle,/root/private_data/iad-vlm-anomaly/datasets/MVTecAD/bottle/test/good/014.png,/root/private_data/iad-vlm-anomaly/datasets/MVTecAD/bottle/test/good/014.png,0,0.2092341184616089,2,1,0.8647973537445068,0.97,900,900,224,224,160,574,242,663,40,143,60,165,289,7298,0.009009876543209876,0.8825913071632385,0.9036997556686401,255.0688934326172
MVTec AD,bottle,/root/private_data/iad-vlm-anomaly/datasets/MVTecAD/bottle/test/good/014.png,/root/private_data/iad-vlm-anomaly/datasets/MVTecAD/bottle/test/good/014.png,0,0.2092341184616089,3,1,0.8647973537445068,0.97,900,900,224,224,598,699,671,768,149,174,167,191,216,5037,0.006218518518518518,0.8874980807304382,0.9164636731147766,191.6995849609375
MVTec AD,bottle,/root/private_data/iad-vlm-anomaly/datasets/MVTecAD/bottle/test/good/015.png,/root/private_data/iad-vlm-anomaly/datasets/MVTecAD/bottle/test/good/015.png,0,0.2857111096382141,1,1,0.8196094036102295,0.97,900,900,224,224,582,634,704,796,145,158,175,198,874,19764,0.0244,0.8920813798904419,1.0,779.6791381835938
MVTec AD,bottle,/root/private_data/iad-vlm-anomaly/datasets/MVTecAD/bottle/test/good/015.png,/root/private_data/iad-vlm-anomaly/datasets/MVTecAD/bottle/test/good/015.png,0,0.2857111096382141,2,1,0.8196094036102295,0.97,900,900,224,224,249,136,366,221,62,34,91,55,432,9945,0.012277777777777778,0.8426387906074524,0.871843159198761,364.01995849609375
MVTec AD,bottle,/root/private_data/iad-vlm-anomaly/datasets/MVTecAD/bottle/test/good/015.png,/root/private_data/iad-vlm-anomaly/datasets/MVTecAD/bottle/test/good/015.png,0,0.2857111096382141,3,1,0.8196094036102295,0.97,900,900,224,224,638,176,704,250,159,44,175,62,200,4884,0.00602962962962963,0.8406218886375427,0.8674474954605103,168.12437438964844
MVTec AD,bottle,/root/private_data/iad-vlm-anomaly/datasets/MVTecAD/bottle/test/good/016.png,/root/private_data/iad-vlm-anomaly/datasets/MVTecAD/bottle/test/good/016.png,0,0.2781931757926941,1,1,0.8227807879447937,0.97,900,900,224,224,104,466,238,643,26,116,59,160,1030,23718,0.02928148148148148,0.9001173377037048,1.0,927.120849609375
MVTec AD,bottle,/root/private_data/iad-vlm-anomaly/datasets/MVTecAD/bottle/test/good/016.png,/root/private_data/iad-vlm-anomaly/datasets/MVTecAD/bottle/test/good/016.png,0,0.2781931757926941,2,1,0.8227807879447937,0.97,900,900,224,224,662,68,752,145,165,17,187,36,336,6930,0.008555555555555556,0.8912317156791687,0.9724050760269165,299.453857421875
MVTec AD,bottle,/root/private_data/iad-vlm-anomaly/datasets/MVTecAD/bottle/test/good/016.png,/root/private_data/iad-vlm-anomaly/datasets/MVTecAD/bottle/test/good/016.png,0,0.2781931757926941,3,1,0.8227807879447937,0.97,900,900,224,224,602,703,671,748,150,175,167,186,104,3105,0.003833333333333333,0.8291096091270447,0.83722984790802,86.22740173339844
MVTec AD,bottle,/root/private_data/iad-vlm-anomaly/datasets/MVTecAD/bottle/test/good/017.png,/root/private_data/iad-vlm-anomaly/datasets/MVTecAD/bottle/test/good/017.png,0,0.21140646934509277,1,1,0.8826899528503418,0.97,900,900,224,224,245,128,354,286,61,32,88,71,657,17222,0.021261728395061727,0.9091932773590088,0.9527612924575806,597.3399658203125
MVTec AD,bottle,/root/private_data/iad-vlm-anomaly/datasets/MVTecAD/bottle/test/good/017.png,/root/private_data/iad-vlm-anomaly/datasets/MVTecAD/bottle/test/good/017.png,0,0.21140646934509277,2,1,0.8826899528503418,0.97,900,900,224,224,634,646,744,768,158,161,185,191,505,13420,0.016567901234567903,0.9297224879264832,1.0,469.5098571777344
MVTec AD,bottle,/root/private_data/iad-vlm-anomaly/datasets/MVTecAD/bottle/test/good/017.png,/root/private_data/iad-vlm-anomaly/datasets/MVTecAD/bottle/test/good/017.png,0,0.21140646934509277,3,1,0.8826899528503418,0.97,900,900,224,224,337,715,418,808,84,178,104,201,335,7533,0.0093,0.9111188054084778,0.9463362097740173,305.22479248046875
MVTec AD,bottle,/root/private_data/iad-vlm-anomaly/datasets/MVTecAD/bottle/test/good/018.png,/root/private_data/iad-vlm-anomaly/datasets/MVTecAD/bottle/test/good/018.png,0,0.2226318120956421,1,1,0.8332913517951965,0.97,900,900,224,224,88,526,217,688,22,131,54,171,811,20898,0.0258,0.8976690769195557,1.0,728.0096435546875
MVTec AD,bottle,/root/private_data/iad-vlm-anomaly/datasets/MVTecAD/bottle/test/good/018.png,/root/private_data/iad-vlm-anomaly/datasets/MVTecAD/bottle/test/good/018.png,0,0.2226318120956421,2,1,0.8332913517951965,0.97,900,900,224,224,309,425,450,563,77,106,112,140,613,19458,0.024022222222222223,0.8728092908859253,0.9291805624961853,535.0321044921875
MVTec AD,bottle,/root/private_data/iad-vlm-anomaly/datasets/MVTecAD/bottle/test/good/018.png,/root/private_data/iad-vlm-anomaly/datasets/MVTecAD/bottle/test/good/018.png,0,0.2226318120956421,3,1,0.8332913517951965,0.97,900,900,224,224,518,389,555,414,129,97,138,103,41,925,0.0011419753086419754,0.8444564342498779,0.8554190397262573,34.62271499633789
MVTec AD,bottle,/root/private_data/iad-vlm-anomaly/datasets/MVTecAD/bottle/test/good/019.png,/root/private_data/iad-vlm-anomaly/datasets/MVTecAD/bottle/test/good/019.png,0,0.30310922861099243,1,1,0.8765918016433716,0.97,900,900,224,224,156,148,394,290,39,37,98,72,1113,33796,0.04172345679012346,0.9118127822875977,1.0,1014.84765625
MVTec AD,bottle,/root/private_data/iad-vlm-anomaly/datasets/MVTecAD/bottle/test/good/019.png,/root/private_data/iad-vlm-anomaly/datasets/MVTecAD/bottle/test/good/019.png,0,0.30310922861099243,2,1,0.8765918016433716,0.97,900,900,224,224,445,108,527,169,111,27,131,42,209,5002,0.006175308641975309,0.8889281153678894,0.8994219303131104,185.78598022460938
MVTec AD,bottle,/root/private_data/iad-vlm-anomaly/datasets/MVTecAD/bottle/test/good/019.png,/root/private_data/iad-vlm-anomaly/datasets/MVTecAD/bottle/test/good/019.png,0,0.30310922861099243,3,1,0.8765918016433716,0.97,900,900,224,224,735,582,784,651,183,145,195,162,147,3381,0.004174074074074074,0.8936494588851929,0.9118689298629761,131.36647033691406
