category,image_path,threshold,x1,y1,x2,y2,area,mean_score,max_score,gt_iou,gt_f1,stability,bbox_width,bbox_height,bbox_area,fill_ratio,aspect_ratio,aspect_score,relative_area,inside_mean,inside_max,inside_std,ring_mean,ring_max,local_contrast,peak_contrast,peak_margin,component_rank,mean_score_norm,max_score_norm,inside_mean_norm,inside_max_norm,inside_std_norm,local_contrast_norm,peak_contrast_norm,peak_margin_norm,stability_norm,fill_ratio_norm,aspect_score_norm,relative_area_norm,area_penalty_norm
screw,/root/private_data/iad-vlm-anomaly/datasets/MVTecAD/screw/test/manipulated_front/004.png,0.85,171,13,190,31,299,0.9192354083061218,1.0,0.3622291021671827,0.5318181818181819,0.8115942028985508,20,19,380,0.7868421052631579,1.0526315789473684,0.9512093393333851,0.0059590242346938774,0.9192354083061218,1.0,0.042343415319919586,0.6992409229278564,0.8491599559783936,0.21999448537826538,0.30075907707214355,0.15084004402160645,1,0.91340077,1.0,0.91340077,1.0,0.94626975,0.68188685,0.75370586,0.9941378,0.8674127,0.7338231,0.90462315,0.2542056,0.7457944
screw,/root/private_data/iad-vlm-anomaly/datasets/MVTecAD/screw/test/manipulated_front/009.png,0.85,20,181,39,201,356,0.9198557138442993,1.0,0.32142857142857145,0.4864864864864865,0.8150749063670412,20,21,420,0.8476190476190476,0.9523809523809523,0.9534795750033844,0.007095025510204082,0.9198557138442993,1.0,0.043909553438425064,0.7194882035255432,0.8495221138000488,0.2003675103187561,0.2805117964744568,0.15047788619995117,1,0.9222319,1.0,0.9222319,1.0,0.9840239,0.598556,0.689087,0.9915759,0.88824534,0.8797166,0.909061,0.30747664,0.69252336
screw,/root/private_data/iad-vlm-anomaly/datasets/MVTecAD/screw/test/manipulated_front/009.png,0.85,79,200,97,223,327,0.9166595935821533,0.998119056224823,0.0,0.0,0.8114169215086645,19,24,456,0.7171052631578947,0.7916666666666666,0.8106257792229409,0.0065170599489795915,0.9166595935821533,0.998119056224823,0.04306960105895996,0.7117471098899841,0.8497282266616821,0.2049124836921692,0.28637194633483887,0.14839082956314087,2,0.8767294,0.98653716,0.8767294,0.98653716,0.9637756,0.61785275,0.70778954,0.9768119,0.8663517,0.5664216,0.6298077,0.28037384,0.7196262
screw,/root/private_data/iad-vlm-anomaly/datasets/MVTecAD/screw/test/manipulated_front/010.png,0.85,85,195,101,219,297,0.9206131100654602,1.0,0.31865284974093266,0.48330058939096265,0.8226711560044894,17,25,425,0.6988235294117647,0.68,0.7216764643970225,0.005919164540816327,0.9206131100654602,1.0,0.043262697756290436,0.7170554399490356,0.8499607443809509,0.20355767011642456,0.28294456005096436,0.15003925561904907,1,0.9330148,1.0,0.9330148,1.0,0.96843046,0.61210054,0.69685113,0.988473,0.9337101,0.52253675,0.45592788,0.25233647,0.7476635
screw,/root/private_data/iad-vlm-anomaly/datasets/MVTecAD/screw/test/manipulated_front/010.png,0.85,5,155,34,181,611,0.9181110262870789,0.9987488985061646,0.0,0.0,0.8128750681942173,30,27,810,0.754320987654321,1.1111111111111112,0.9046822152905256,0.012177136479591837,0.9181110262870789,0.9987488985061646,0.04099796339869499,0.7071148157119751,0.8497350811958313,0.21099621057510376,0.29163408279418945,0.14901381731033325,2,0.89739317,0.99104524,0.89739317,0.99104524,0.91383564,0.6436826,0.72458357,0.981219,0.87507904,0.655757,0.813671,0.54579437,0.45420563
screw,/root/private_data/iad-vlm-anomaly/datasets/MVTecAD/screw/test/manipulated_front/011.png,0.85,49,193,75,212,430,0.9211404919624329,1.0,0.0,0.0,0.8205426356589148,27,20,540,0.7962962962962963,1.35,0.7691688851858265,0.008569834183673469,0.9211404919624329,1.0,0.04258567467331886,0.6699196100234985,0.8494670391082764,0.2512208819389343,0.33008038997650146,0.15053296089172363,1,0.9405231,1.0,0.9405231,1.0,0.9521098,0.8144657,0.8472844,0.99196553,0.92097044,0.75651765,0.54876703,0.3766355,0.6233645
screw,/root/private_data/iad-vlm-anomaly/datasets/MVTecAD/screw/test/manipulated_front/012.png,0.85,22,16,44,34,345,0.9231446385383606,1.0,0.0,0.0,0.8256038647342995,23,19,437,0.7894736842105263,1.2105263157894737,0.8395916235740689,0.006875797193877551,0.9231446385383606,1.0,0.043864864856004715,0.6681292653083801,0.849674642086029,0.25501537322998047,0.3318707346916199,0.15032535791397095,1,0.9690557,1.0,0.9690557,1.0,0.98294663,0.8305761,0.85299826,0.99049693,0.95126253,0.7401402,0.6864307,0.29719624,0.70280373
screw,/root/private_data/iad-vlm-anomaly/datasets/MVTecAD/screw/test/manipulated_front/012.png,0.85,88,199,100,215,170,0.8985727429389954,0.9495099782943726,0.0,0.0,0.7470588235294118,13,17,221,0.7692307692307693,0.7647058823529411,0.7884793785598415,0.0033880739795918366,0.8985727429389954,0.9495099782943726,0.02903936803340912,0.6916469931602478,0.8496972918510437,0.20692574977874756,0.25786298513412476,0.09981268644332886,2,0.6192305,0.6386186,0.6192305,0.6386186,0.6255556,0.62640053,0.61680365,0.6331666,0.48115882,0.6915476,0.5865155,0.13364486,0.8663551
screw,/root/private_data/iad-vlm-anomaly/datasets/MVTecAD/screw/test/manipulated_front/013.png,0.85,32,170,74,203,1097,0.9222074747085571,1.0,0.0,0.0,0.8258887876025525,43,34,1462,0.7503419972640218,1.2647058823529411,0.8098217835140005,0.021863042091836735,0.9222074747085571,1.0,0.04457228258252144,0.710909366607666,0.8498876690864563,0.2112981081008911,0.289090633392334,0.1501123309135437,1,0.9557135,1.0,0.9557135,1.0,1.0,0.6449644,0.7164662,0.98898995,0.9529681,0.64620554,0.628236,1.0,0.0
screw,/root/private_data/iad-vlm-anomaly/datasets/MVTecAD/screw/test/manipulated_front/013.png,0.85,183,187,199,208,300,0.9079972505569458,0.9665159583091736,0.4074074074074074,0.5789473684210527,0.7855555555555557,17,22,374,0.8021390374331551,0.7727272727272727,0.7950205577249241,0.005978954081632653,0.9079972505569458,0.9665159583091736,0.03374529257416725,0.7104604840278625,0.8499951958656311,0.19753676652908325,0.25605547428131104,0.11652076244354248,2,0.75340533,0.7603386,0.75340533,0.7603386,0.738999,0.5865374,0.611035,0.7513608,0.71156746,0.770543,0.59930235,0.2551402,0.7448598
screw,/root/private_data/iad-vlm-anomaly/datasets/MVTecAD/screw/test/manipulated_front/015.png,0.85,7,124,22,140,200,0.9192960262298584,1.0,0.33724340175953077,0.5043859649122807,0.82,16,17,272,0.7352941176470589,0.9411764705882353,0.9428406426086842,0.003985969387755102,0.9192960262298584,1.0,0.04274645447731018,0.683875560760498,0.8498765826225281,0.23542046546936035,0.31612443923950195,0.15012341737747192,1,0.9142638,1.0,0.9142638,1.0,0.95598567,0.7473814,0.8027442,0.9890684,0.91772264,0.61008346,0.8882638,0.16168225,0.83831775
screw,/root/private_data/iad-vlm-anomaly/datasets/MVTecAD/screw/test/manipulated_front/016.png,0.85,77,192,94,217,340,0.9188322424888611,1.0,0.36619718309859156,0.5360824742268041,0.813235294117647,18,26,468,0.7264957264957265,0.6923076923076923,0.7311412460541771,0.006776147959183673,0.9188322424888611,1.0,0.04330260679125786,0.7002477645874023,0.849550724029541,0.21858447790145874,0.29975223541259766,0.15044927597045898,1,0.90766096,1.0,0.90766096,1.0,0.96939254,0.67590034,0.7504926,0.99137354,0.8772349,0.5889632,0.47442985,0.29252338,0.7074766
screw,/root/private_data/iad-vlm-anomaly/datasets/MVTecAD/screw/test/manipulated_front/020.png,0.85,24,187,43,206,328,0.9196794033050537,1.0,0.10133333333333333,0.18401937046004843,0.8175813008130083,20,20,400,0.82,1.0,1.0,0.006536989795918368,0.9196794033050537,1.0,0.04335792735219002,0.6865477561950684,0.8491322994232178,0.23313164710998535,0.31345224380493164,0.15086770057678223,1,0.91972184,1.0,0.91972184,1.0,0.97072613,0.7376637,0.7942159,0.9943335,0.9032464,0.81341773,1.0,0.28130844,0.7186916
screw,/root/private_data/iad-vlm-anomaly/datasets/MVTecAD/screw/test/manipulated_front/022.png,0.85,129,160,152,198,588,0.9158228635787964,1.0,0.0,0.0,0.8066893424036281,24,39,936,0.6282051282051282,0.6153846153846154,0.6731704736765604,0.01171875,0.9158228635787964,1.0,0.04092767462134361,0.6803821921348572,0.8498584032058716,0.2354406714439392,0.3196178078651428,0.15014159679412842,1,0.864817,1.0,0.864817,1.0,0.9121412,0.7474672,0.8138932,0.98919696,0.8380563,0.35301915,0.3611074,0.524299,0.47570097
screw,/root/private_data/iad-vlm-anomaly/datasets/MVTecAD/screw/test/manipulated_front/022.png,0.85,47,14,65,27,189,0.8937643766403198,0.9427585005760193,0.0,0.0,0.7354497354497355,19,14,266,0.7105263157894737,1.3571428571428572,0.7660594894556864,0.0037667410714285715,0.8937643766403198,0.9427585005760193,0.026338106021285057,0.728335976600647,0.849091649055481,0.16542840003967285,0.21442252397537231,0.09366685152053833,2,0.55077475,0.590295,0.55077475,0.590295,0.56043756,0.45021397,0.4781641,0.58969057,0.41167676,0.55062896,0.5426887,0.15140188,0.8485981
screw,/root/private_data/iad-vlm-anomaly/datasets/MVTecAD/screw/test/manipulated_front/022.png,0.85,159,213,166,223,79,0.8803468346595764,0.9089927673339844,0.0,0.0,0.6940928270042194,8,11,88,0.8977272727272727,0.7272727272727273,0.7584642345785101,0.0015744579081632653,0.8803468346595764,0.9089927673339844,0.017158079892396927,0.7266966104507446,0.8498079776763916,0.1536502242088318,0.18229615688323975,0.05918478965759277,3,0.35975188,0.3486174,0.35975188,0.3486174,0.33913907,0.400207,0.3756333,0.34576195,0.16414943,1.0,0.52784127,0.04859813,0.9514019
screw,/root/private_data/iad-vlm-anomaly/datasets/MVTecAD/screw/test/manipulated_front/022.png,0.85,87,86,95,95,69,0.876777172088623,0.9081021547317505,0.0,0.0,0.6884057971014492,9,10,90,0.7666666666666667,0.9,0.9046822152905256,0.0013751594387755102,0.876777172088623,0.9081021547317505,0.016922129318118095,0.7517322301864624,0.8496648073196411,0.12504494190216064,0.15636992454528809,0.058437347412109375,4,0.3089313,0.34224284,0.3089313,0.34224284,0.33345115,0.27875668,0.29289013,0.3404745,0.1301119,0.68539244,0.813671,0.03925234,0.96074766
screw,/root/private_data/iad-vlm-anomaly/datasets/MVTecAD/screw/test/scratch_head/001.png,0.85,197,112,218,133,364,0.9213148951530457,1.0,0.5150684931506849,0.6799276672694394,0.8228021978021979,22,22,484,0.7520661157024794,1.0,1.0,0.007254464285714286,0.9213148951530457,1.0,0.04325360059738159,0.7099398374557495,0.8499751091003418,0.21137505769729614,0.2900601625442505,0.1500248908996582,1,0.943006,1.0,0.943006,1.0,0.9682112,0.6452911,0.71956044,0.9883714,0.9344942,0.6503443,1.0,0.31495327,0.68504673
screw,/root/private_data/iad-vlm-anomaly/datasets/MVTecAD/screw/test/scratch_head/007.png,0.85,6,104,62,123,747,0.9110763669013977,1.0,0.08018867924528301,0.14847161572052403,0.788933511825078,57,20,1140,0.6552631578947369,2.85,0.4884436684237409,0.014887595663265306,0.9110763669013977,1.0,0.03893847018480301,0.7019882202148438,0.8499261736869812,0.20908814668655396,0.29801177978515625,0.1500738263130188,1,0.7972421,1.0,0.7972421,1.0,0.86418843,0.6355815,0.7449379,0.98871756,0.7317852,0.41797134,0.0,0.67289716,0.32710284
screw,/root/private_data/iad-vlm-anomaly/datasets/MVTecAD/screw/test/scratch_head/009.png,0.85,0,11,34,37,649,0.9164273738861084,1.0,0.0,0.0,0.8073959938366717,35,27,945,0.6867724867724868,1.2962962962962963,0.7939588021008919,0.012934470663265306,0.9164273738861084,1.0,0.04267578199505806,0.7039108276367188,0.849967896938324,0.21251654624938965,0.29608917236328125,0.15003210306167603,1,0.87342334,1.0,0.87342334,1.0,0.954282,0.65013754,0.73880196,0.9884224,0.8422859,0.49360853,0.59722674,0.58130836,0.41869164
screw,/root/private_data/iad-vlm-anomaly/datasets/MVTecAD/screw/test/scratch_head/009.png,0.85,103,9,120,24,225,0.9052125215530396,0.9632603526115417,0.22727272727272727,0.37037037037037035,0.7755555555555556,18,16,288,0.78125,1.125,0.8946279985478408,0.00448421556122449,0.9052125215530396,0.9632603526115417,0.03311310335993767,0.6918570399284363,0.8489465117454529,0.21335548162460327,0.27140331268310547,0.11431384086608887,2,0.7137597,0.73703665,0.7137597,0.73703665,0.7237591,0.65369946,0.6600174,0.7357488,0.65171605,0.7203994,0.7940168,0.18504673,0.81495327
screw,/root/private_data/iad-vlm-anomaly/datasets/MVTecAD/screw/test/scratch_head/012.png,0.85,28,138,54,161,486,0.9213671684265137,1.0,0.0,0.0,0.8230452674897119,27,24,648,0.75,1.125,0.8946279985478408,0.009685905612244899,0.9213671684265137,1.0,0.04315447807312012,0.7026036381721497,0.8499652147293091,0.218763530254364,0.29739636182785034,0.15003478527069092,1,0.9437502,1.0,0.9437502,1.0,0.9658217,0.67666054,0.7429738,0.98844135,0.93594897,0.6453846,0.7940168,0.42897195,0.57102805
screw,/root/private_data/iad-vlm-anomaly/datasets/MVTecAD/screw/test/scratch_head/012.png,0.85,53,37,73,60,350,0.8981617093086243,0.9781396389007568,0.34823529411764703,0.5165794066317626,0.751904761904762,21,24,504,0.6944444444444444,0.875,0.8821987697091028,0.006975446428571429,0.8981617093086243,0.9781396389007568,0.03350608050823212,0.6957666277885437,0.8498189449310303,0.20239508152008057,0.28237301111221313,0.12832069396972656,2,0.6133787,0.8435349,0.6133787,0.8435349,0.73323244,0.6071645,0.695027,0.83483434,0.5101627,0.5120249,0.7697199,0.30186915,0.69813085
screw,/root/private_data/iad-vlm-anomaly/datasets/MVTecAD/screw/test/scratch_head/014.png,0.85,11,80,31,103,375,0.9225450754165649,1.0,0.34704370179948585,0.5152671755725191,0.8275555555555556,21,24,504,0.7440476190476191,0.875,0.8821987697091028,0.007473692602040816,0.9225450754165649,1.0,0.043263111263513565,0.6918373703956604,0.8498495221138,0.23070770502090454,0.3081626296043396,0.15015047788619995,1,0.96051985,1.0,0.96051985,1.0,0.9684404,0.7273723,0.7773342,0.9892598,0.96294373,0.6310961,0.7697199,0.32523367,0.6747663
screw,/root/private_data/iad-vlm-anomaly/datasets/MVTecAD/screw/test/scratch_head/015.png,0.85,83,11,105,32,390,0.918552041053772,1.0,0.48905109489051096,0.6568627450980392,0.814102564102564,23,22,506,0.7707509881422925,1.0454545454545454,0.957440099999047,0.007772640306122449,0.918552041053772,1.0,0.04270550608634949,0.6961846947669983,0.849970817565918,0.22236734628677368,0.3038153052330017,0.15002918243408203,1,0.9036718,1.0,0.9036718,1.0,0.9549985,0.6919614,0.76345974,0.9884017,0.88242584,0.6951968,0.91680306,0.33925232,0.66074765
screw,/root/private_data/iad-vlm-anomaly/datasets/MVTecAD/screw/test/scratch_head/016.png,0.85,195,121,214,142,354,0.9212867021560669,1.0,0.3472222222222222,0.5154639175257731,0.8243879472693032,20,22,440,0.8045454545454546,0.9090909090909091,0.9129833890329112,0.00705516581632653,0.9212867021560669,1.0,0.04276813566684723,0.6958856582641602,0.8493896722793579,0.22540104389190674,0.30411434173583984,0.1506103277206421,1,0.9426046,1.0,0.9426046,1.0,0.9565083,0.7048417,0.76441413,0.9925128,0.94398534,0.77631956,0.82989836,0.30560747,0.69439256
screw,/root/private_data/iad-vlm-anomaly/datasets/MVTecAD/screw/test/scratch_head/018.png,0.85,103,196,121,223,403,0.9215300679206848,1.0,0.289738430583501,0.44929797191887677,0.8225806451612904,19,28,532,0.7575187969924813,0.6785714285714286,0.7205828201202709,0.008031728316326531,0.9215300679206848,1.0,0.04122772440314293,0.7102057933807373,0.8499787449836731,0.2113242745399475,0.2897942066192627,0.1500212550163269,1,0.94606936,1.0,0.94606936,1.0,0.91937435,0.6450755,0.7187117,0.9883457,0.9331682,0.6634332,0.45379004,0.35140187,0.64859813
screw,/root/private_data/iad-vlm-anomaly/datasets/MVTecAD/screw/test/scratch_head/020.png,0.85,12,95,38,116,411,0.9187953472137451,1.0,0.1417004048582996,0.24822695035460993,0.8150851581508517,27,22,594,0.6919191919191919,1.2272727272727273,0.8300171294816712,0.008191167091836735,0.9187953472137451,1.0,0.04318821802735329,0.6946373581886292,0.8499672412872314,0.22415798902511597,0.30536264181137085,0.15003275871276855,1,0.9071357,1.0,0.9071357,1.0,0.96663505,0.699564,0.76839805,0.98842704,0.88830674,0.50596315,0.6677143,0.3588785,0.6411215
screw,/root/private_data/iad-vlm-anomaly/datasets/MVTecAD/screw/test/scratch_head/022.png,0.85,0,87,24,110,417,0.9144454002380371,1.0,0.13258426966292136,0.23412698412698413,0.8017585931254997,25,24,600,0.695,1.0416666666666667,0.9607790815959156,0.008310746173469387,0.9144454002380371,1.0,0.04182097315788269,0.7026761770248413,0.8498901724815369,0.2117692232131958,0.2973238229751587,0.15010982751846313,1,0.8452064,1.0,0.8452064,1.0,0.9336755,0.6469646,0.7427423,0.98897225,0.8085451,0.5133585,0.9233302,0.36448598,0.635514
screw,/root/private_data/iad-vlm-anomaly/datasets/MVTecAD/screw/test/scratch_head/023.png,0.85,58,176,83,200,460,0.9182647466659546,1.0,0.20948616600790515,0.3464052287581699,0.8159420289855072,26,25,650,0.7076923076923077,1.04,0.9622594963159703,0.009167729591836735,0.9182647466659546,1.0,0.041576944291591644,0.6708007454872131,0.849846601486206,0.24746400117874146,0.32919925451278687,0.15015339851379395,1,0.8995817,1.0,0.8995817,1.0,0.92779285,0.798515,0.8444722,0.98928046,0.89343524,0.5438261,0.9262241,0.4046729,0.59532714
screw,/root/private_data/iad-vlm-anomaly/datasets/MVTecAD/screw/test/scratch_neck/000.png,0.85,51,84,77,108,444,0.9148744940757751,1.0,0.4009009009009009,0.572347266881029,0.804054054054054,27,25,675,0.6577777777777778,1.08,0.9285386952763499,0.008848852040816327,0.9148744940757751,1.0,0.041872937232255936,0.657813549041748,0.8495696783065796,0.2570609450340271,0.34218645095825195,0.1504303216934204,1,0.8513153,1.0,0.8513153,1.0,0.9349282,0.83926105,0.8859207,0.9912394,0.822284,0.42400756,0.8603061,0.38971964,0.6102804
screw,/root/private_data/iad-vlm-anomaly/datasets/MVTecAD/screw/test/scratch_neck/001.png,0.85,65,84,87,103,365,0.9210545420646667,1.0,0.6967213114754098,0.821256038647343,0.8219178082191781,23,20,460,0.7934782608695652,1.15,0.8773761983279529,0.007274394132653061,0.9210545420646667,1.0,0.04382975772023201,0.6849442720413208,0.8499639630317688,0.23611027002334595,0.3150557279586792,0.1500360369682312,1,0.9392994,1.0,0.9392994,1.0,0.9821003,0.7503101,0.7993334,0.9884502,0.9292012,0.749753,0.76029265,0.31588784,0.6841122
screw,/root/private_data/iad-vlm-anomaly/datasets/MVTecAD/screw/test/scratch_neck/002.png,0.85,78,97,114,123,607,0.9194973707199097,1.0,0.30477759472817134,0.4671717171717172,0.8196046128500823,37,27,999,0.6076076076076076,1.3703703703703705,0.7604094078878675,0.012097417091836735,0.9194973707199097,1.0,0.04189890995621681,0.6436495184898376,0.8494682312011719,0.275847852230072,0.35635048151016235,0.15053176879882812,1,0.9171303,1.0,0.9171303,1.0,0.9355543,0.9190252,0.931125,0.99195707,0.9153564,0.30357534,0.5316438,0.5420561,0.45794392
screw,/root/private_data/iad-vlm-anomaly/datasets/MVTecAD/screw/test/scratch_neck/002.png,0.85,159,50,166,56,44,0.8550776839256287,0.8602860569953918,0.0,0.0,0.6666666666666666,8,7,56,0.7857142857142857,1.1428571428571428,0.882198769709103,0.0008769132653061224,0.8550776839256287,0.8602860569953918,0.003089721780270338,0.7956885099411011,0.8499786257743835,0.05938917398452759,0.06459754705429077,0.0103074312210083,2,0.0,0.0,0.0,0.0,0.0,0.0,0.0,0.0,0.0,0.73111576,0.7697199,0.01588785,0.98411214
screw,/root/private_data/iad-vlm-anomaly/datasets/MVTecAD/screw/test/scratch_neck/005.png,0.85,192,14,210,34,286,0.9167148470878601,1.0,0.0,0.0,0.8106060606060606,19,21,399,0.7167919799498746,0.9047619047619048,0.909021940309633,0.005699936224489796,0.9167148470878601,1.0,0.04319265857338905,0.7093319892883301,0.8497254848480225,0.20738285779953003,0.2906680107116699,0.15027451515197754,1,0.87751603,1.0,0.87751603,1.0,0.9667421,0.62834126,0.7215004,0.9901372,0.8614986,0.5656696,0.82215434,0.24205607,0.7579439
screw,/root/private_data/iad-vlm-anomaly/datasets/MVTecAD/screw/test/scratch_neck/005.png,0.85,126,122,160,146,421,0.8910906910896301,0.9394033551216125,0.1144578313253012,0.20540540540540542,0.733174980205859,35,25,875,0.48114285714285715,1.4,0.7482385137517997,0.00839046556122449,0.8910906910896301,0.9394033551216125,0.023967111483216286,0.6625403761863708,0.849885880947113,0.22855031490325928,0.2768629789352417,0.08951747417449951,2,0.51271003,0.5662806,0.51271003,0.5662806,0.5032811,0.7182126,0.67744184,0.56033754,0.39806202,0.0,0.50785184,0.3682243,0.63177574
screw,/root/private_data/iad-vlm-anomaly/datasets/MVTecAD/screw/test/scratch_neck/009.png,0.85,67,108,84,122,207,0.920354425907135,1.0,0.6043478260869565,0.7533875338753387,0.819645732689211,18,15,270,0.7666666666666667,1.2,0.8457935950281179,0.00412547831632653,0.920354425907135,1.0,0.04268825054168701,0.6418808698654175,0.8499993681907654,0.27847355604171753,0.3581191301345825,0.15000063180923462,1,0.929332,1.0,0.929332,1.0,0.9545826,0.9301732,0.9367696,0.9881998,0.9156025,0.68539244,0.6985544,0.16822429,0.8317757
screw,/root/private_data/iad-vlm-anomaly/datasets/MVTecAD/screw/test/scratch_neck/010.png,0.85,90,87,110,105,280,0.9241154193878174,1.0,0.5561643835616439,0.7147887323943662,0.830952380952381,21,19,399,0.7017543859649122,1.105263157894737,0.909021940309633,0.005580357142857143,0.9241154193878174,1.0,0.04349864274263382,0.6298508644104004,0.8497064113616943,0.294264554977417,0.3701491355895996,0.15029358863830566,1,0.98287654,1.0,0.98287654,1.0,0.9741183,0.99721754,0.97516316,0.99027216,0.98327446,0.52957225,0.82215434,0.2364486,0.7635514
screw,/root/private_data/iad-vlm-anomaly/datasets/MVTecAD/screw/test/scratch_neck/011.png,0.85,108,79,126,104,365,0.9166054129600525,1.0,0.27520435967302453,0.43162393162393164,0.8073059360730594,19,26,494,0.7388663967611336,0.7307692307692307,0.7612333924158899,0.007274394132653061,0.9166054129600525,1.0,0.04223404452204704,0.6641255617141724,0.849847674369812,0.2524798512458801,0.33587443828582764,0.150152325630188,1,0.875958,1.0,0.875958,1.0,0.9436332,0.819811,0.865776,0.9892729,0.8417468,0.61865866,0.5332545,0.31588784,0.6841122
screw,/root/private_data/iad-vlm-anomaly/datasets/MVTecAD/screw/test/scratch_neck/012.png,0.85,81,97,109,122,537,0.9237170219421387,1.0,0.4208566108007449,0.5923984272608126,0.82991930477964,29,26,754,0.7122015915119363,1.1153846153846154,0.901551242634188,0.01070232780612245,0.9237170219421387,1.0,0.04317471757531166,0.6489899754524231,0.8499323725700378,0.2747270464897156,0.3510100245475769,0.15006762742996216,1,0.9772046,1.0,0.9772046,1.0,0.96630955,0.9142665,0.914081,0.9886737,0.9770911,0.5546505,0.8075505,0.47663552,0.5233645
screw,/root/private_data/iad-vlm-anomaly/datasets/MVTecAD/screw/test/scratch_neck/015.png,0.85,110,135,127,157,299,0.9223722815513611,1.0,0.38202247191011235,0.5528455284552846,0.826644370122631,18,23,414,0.7222222222222222,0.782608695652174,0.8031338552673577,0.0059590242346938774,0.9223722815513611,1.0,0.0437762588262558,0.6504897475242615,0.8494006395339966,0.2718825340270996,0.3495102524757385,0.15059936046600342,1,0.9580598,1.0,0.9580598,1.0,0.98081064,0.9021895,0.9092945,0.9924352,0.9574902,0.5787047,0.6151623,0.2542056,0.7457944
screw,/root/private_data/iad-vlm-anomaly/datasets/MVTecAD/screw/test/scratch_neck/016.png,0.85,99,137,115,153,232,0.9204031825065613,1.0,0.6382252559726962,0.7791666666666667,0.8189655172413793,17,17,289,0.8027681660899654,1.0,1.0,0.004623724489795918,0.9204031825065613,1.0,0.043035656213760376,0.6579053401947021,0.8484281897544861,0.26249784231185913,0.34209465980529785,0.15157181024551392,1,0.9300261,1.0,0.9300261,1.0,0.96295726,0.8623446,0.88562775,0.9993144,0.91153103,0.7720532,1.0,0.1915888,0.8084112
screw,/root/private_data/iad-vlm-anomaly/datasets/MVTecAD/screw/test/scratch_neck/019.png,0.85,132,99,155,115,324,0.9206982851028442,1.0,0.4722222222222222,0.6415094339622641,0.8189300411522634,24,17,408,0.7941176470588235,1.411764705882353,0.7435826108696396,0.0064572704081632655,0.9206982851028442,1.0,0.042712826281785965,0.6765511631965637,0.8490897417068481,0.24414712190628052,0.3234488368034363,0.15091025829315186,1,0.93422747,1.0,0.93422747,1.0,0.955175,0.7844324,0.8261199,0.9946345,0.9113188,0.7512878,0.49875042,0.2775701,0.7224299
screw,/root/private_data/iad-vlm-anomaly/datasets/MVTecAD/screw/test/scratch_neck/020.png,0.85,77,81,100,102,358,0.9210681319236755,1.0,0.28503937007874014,0.44362745098039214,0.8212290502793297,24,22,528,0.678030303030303,1.0909090909090908,0.9199535728590081,0.007134885204081632,0.9210681319236755,1.0,0.043471936136484146,0.6484615802764893,0.8495708107948303,0.2726065516471863,0.35153841972351074,0.15042918920516968,1,0.9394929,1.0,0.9394929,1.0,0.9734745,0.9052635,0.9157674,0.99123144,0.9250787,0.47262323,0.84352374,0.3093458,0.69065416
screw,/root/private_data/iad-vlm-anomaly/datasets/MVTecAD/screw/test/scratch_neck/021.png,0.85,120,104,153,125,435,0.9169885516166687,1.0,0.23868312757201646,0.3853820598006645,0.8091954022988506,34,22,748,0.5815508021390374,1.5454545454545454,0.6967096840936775,0.008669483418367346,0.9169885516166687,1.0,0.03905059024691582,0.6220686435699463,0.8499236106872559,0.2949199080467224,0.3779313564300537,0.15007638931274414,1,0.88141274,1.0,0.88141274,1.0,0.86689126,1.0,1.0,0.9887357,0.85305554,0.24102661,0.40712237,0.3813084,0.61869156
screw,/root/private_data/iad-vlm-anomaly/datasets/MVTecAD/screw/test/scratch_neck/024.png,0.85,63,110,78,123,180,0.9213897585868835,1.0,0.5785123966942148,0.7329842931937173,0.8250000000000001,16,14,224,0.8035714285714286,1.1428571428571428,0.882198769709103,0.003587372448979592,0.9213897585868835,1.0,0.043548040091991425,0.6403210163116455,0.8483312726020813,0.28106874227523804,0.3596789836883545,0.1516687273979187,1,0.9440718,1.0,0.9440718,1.0,0.9753091,0.9411917,0.94174784,1.0,0.94764835,0.77398133,0.7697199,0.14299065,0.85700935
screw,/root/private_data/iad-vlm-anomaly/datasets/MVTecAD/screw/test/thread_side/000.png,0.85,57,152,84,173,503,0.9230012893676758,1.0,0.0,0.0,0.8267064280980784,28,22,616,0.8165584415584416,1.2727272727272727,0.8056965603384802,0.010024713010204082,0.9230012893676758,1.0,0.04423857480287552,0.7044073939323425,0.8498721718788147,0.21859389543533325,0.29559260606765747,0.1501278281211853,1,0.96701485,1.0,0.96701485,1.0,0.99195546,0.67594033,0.7372171,0.98909956,0.95786154,0.80515635,0.6201719,0.44485983,0.55514014
screw,/root/private_data/iad-vlm-anomaly/datasets/MVTecAD/screw/test/thread_side/000.png,0.85,12,29,39,58,624,0.8953506350517273,0.9465262293815613,0.0,0.0,0.7411858974358975,28,30,840,0.7428571428571429,0.9333333333333333,0.93545993305738,0.012436224489795918,0.8953506350517273,0.9465262293815613,0.025057917460799217,0.710150420665741,0.849934458732605,0.18520021438598633,0.2363758087158203,0.0965917706489563,2,0.573358,0.6172625,0.573358,0.6172625,0.52957666,0.5341598,0.54822767,0.61038166,0.4460086,0.6282384,0.8738358,0.5579439,0.44205612
screw,/root/private_data/iad-vlm-anomaly/datasets/MVTecAD/screw/test/thread_side/002.png,0.85,119,155,135,172,245,0.9176978468894958,1.0,0.2694805194805195,0.42455242966751916,0.8095238095238096,17,18,306,0.8006535947712419,0.9444444444444444,0.9459320258045998,0.0048828125,0.9176978468894958,1.0,0.04362550750374794,0.6937369108200073,0.8490251898765564,0.22396093606948853,0.3062630891799927,0.1509748101234436,1,0.8915108,1.0,0.8915108,1.0,0.97717655,0.6987273,0.7712718,0.9950912,0.8550212,0.7669772,0.8943069,0.2037383,0.79626167
screw,/root/private_data/iad-vlm-anomaly/datasets/MVTecAD/screw/test/thread_side/002.png,0.85,110,69,121,94,215,0.8833907842636108,0.9252702593803406,0.0,0.0,0.7131782945736433,12,26,312,0.6891025641025641,0.46153846153846156,0.5639553928407732,0.0042849170918367345,0.8833907842636108,0.9252702593803406,0.021934080868959427,0.6998927593231201,0.8499507904052734,0.18349802494049072,0.22537750005722046,0.07531946897506714,2,0.40308797,0.46512324,0.40308797,0.46512324,0.45427182,0.5269327,0.51312673,0.45989984,0.27837878,0.49920195,0.14761169,0.17570093,0.8242991
screw,/root/private_data/iad-vlm-anomaly/datasets/MVTecAD/screw/test/thread_side/003.png,0.85,65,135,92,150,356,0.9163662195205688,1.0,0.20347394540942929,0.33814432989690724,0.8080524344569288,28,16,448,0.7946428571428571,1.75,0.6411835579862737,0.007095025510204082,0.9163662195205688,1.0,0.04178008437156677,0.7040377855300903,0.8498736619949341,0.21232843399047852,0.29596221446990967,0.15012633800506592,1,0.8725527,1.0,0.8725527,1.0,0.93268985,0.64933884,0.73839676,0.989089,0.84621465,0.75254864,0.29857883,0.30747664,0.69252336
screw,/root/private_data/iad-vlm-anomaly/datasets/MVTecAD/screw/test/thread_side/005.png,0.85,80,87,97,105,256,0.9196128845214844,0.9947617650032043,0.0,0.0,0.8203125,18,19,342,0.7485380116959064,0.9473684210526315,0.9487060975056996,0.00510204081632653,0.9196128845214844,0.9947617650032043,0.04235986992716789,0.6719581484794617,0.8497771620750427,0.2476547360420227,0.3228036165237427,0.14498460292816162,1,0.91877484,0.9625074,0.91877484,0.9625074,0.9466664,0.7993248,0.8240607,0.952716,0.91959304,0.64187515,0.89972967,0.2140187,0.7859813
screw,/root/private_data/iad-vlm-anomaly/datasets/MVTecAD/screw/test/thread_side/005.png,0.85,139,129,162,149,348,0.9159126877784729,1.0,0.3472584856396867,0.5155038759689923,0.8074712643678161,24,21,504,0.6904761904761905,1.1428571428571428,0.882198769709103,0.0069355867346938774,0.9159126877784729,1.0,0.043318841606378555,0.7012462019920349,0.849969744682312,0.214666485786438,0.2987537980079651,0.150030255317688,2,0.86609584,1.0,0.86609584,1.0,0.9697839,0.6592656,0.74730605,0.98840934,0.8427364,0.5024992,0.7697199,0.3,0.7
screw,/root/private_data/iad-vlm-anomaly/datasets/MVTecAD/screw/test/thread_side/011.png,0.85,42,175,69,198,511,0.9223515391349792,1.0,0.0,0.0,0.8251793868232223,28,24,672,0.7604166666666666,1.1666666666666667,0.8664379941704579,0.010184151785714286,0.9223515391349792,1.0,0.043616507202386856,0.7060577869415283,0.8499147295951843,0.21629375219345093,0.2939422130584717,0.15008527040481567,1,0.9577645,1.0,0.9577645,1.0,0.9769596,0.66617453,0.7319499,0.9887985,0.9487222,0.6703896,0.73891044,0.45233646,0.54766357
screw,/root/private_data/iad-vlm-anomaly/datasets/MVTecAD/screw/test/thread_side/013.png,0.85,136,28,157,64,554,0.9053556323051453,1.0,0.0,0.0,0.7740673886883273,22,37,814,0.6805896805896806,0.5945945945945946,0.6579486456540561,0.011041135204081632,0.9053556323051453,1.0,0.03915831446647644,0.7394323945045471,0.8496074080467224,0.16592323780059814,0.2605676054954529,0.1503925919532776,1,0.7157971,1.0,0.7157971,1.0,0.8694881,0.4523149,0.6254354,0.9909725,0.6428093,0.47876692,0.33135158,0.49252337,0.5074766
screw,/root/private_data/iad-vlm-anomaly/datasets/MVTecAD/screw/test/thread_side/013.png,0.85,114,98,119,106,44,0.8674074411392212,0.8854132294654846,0.0,0.0,0.6666666666666666,6,9,54,0.8148148148148148,0.6666666666666666,0.7115082361212486,0.0008769132653061224,0.8674074411392212,0.8854132294654846,0.010360276326537132,0.7068882584571838,0.84957355260849,0.16051918268203735,0.17852497100830078,0.03583967685699463,2,0.1755363,0.17984729,0.1755363,0.17984729,0.17526774,0.42937076,0.3635976,0.18061695,0.0,0.80097085,0.4360508,0.01588785,0.98411214
screw,/root/private_data/iad-vlm-anomaly/datasets/MVTecAD/screw/test/thread_side/013.png,0.85,129,73,134,78,27,0.8563426733016968,0.8621221780776978,0.0,0.0,0.6666666666666666,6,6,36,0.75,1.0,1.0,0.0005381058673469387,0.8563426733016968,0.8621221780776978,0.003499054815620184,0.7765195965766907,0.8499134182929993,0.0798230767250061,0.08560258150100708,0.012208759784698486,3,0.018009402,0.013142003,0.018009402,0.013142003,0.009867594,0.08675684,0.06703724,0.0134501355,0.0,0.6453846,1.0,0.0,1.0
screw,/root/private_data/iad-vlm-anomaly/datasets/MVTecAD/screw/test/thread_side/014.png,0.85,96,72,111,92,249,0.9238467812538147,1.0,0.0,0.0,0.8279785809906293,16,21,336,0.7410714285714286,0.7619047619047619,0.7862044914972307,0.004962531887755102,0.9238467812538147,1.0,0.04345637187361717,0.6647305488586426,0.8496026396751404,0.2591162323951721,0.3352694511413574,0.15039736032485962,1,0.97905195,1.0,0.97905195,1.0,0.9730993,0.84798723,0.86384517,0.99100626,0.9654755,0.62395173,0.58206856,0.20747662,0.7925234
screw,/root/private_data/iad-vlm-anomaly/datasets/MVTecAD/screw/test/thread_side/014.png,0.85,140,146,154,165,223,0.8823181986808777,0.9130880832672119,0.13702623906705538,0.24102564102564103,0.7047832585949179,15,20,300,0.7433333333333333,0.75,0.7765892073778534,0.004444355867346939,0.8823181986808777,0.9130880832672119,0.018165163695812225,0.7227106690406799,0.8499457836151123,0.15960752964019775,0.19037741422653198,0.06314229965209961,2,0.3878178,0.37792954,0.3878178,0.37792954,0.36341637,0.42550012,0.4014245,0.37375766,0.22813337,0.6293814,0.56327236,0.18317758,0.8168224
screw,/root/private_data/iad-vlm-anomaly/datasets/MVTecAD/screw/test/thread_side/015.png,0.85,96,85,123,103,377,0.9244853258132935,1.0,0.22875816993464052,0.3723404255319149,0.8324491600353671,28,19,532,0.7086466165413534,1.4736842105263157,0.7205828201202709,0.007513552295918368,0.9244853258132935,1.0,0.043968427926301956,0.6623629331588745,0.8497387766838074,0.26212239265441895,0.3376370668411255,0.15026122331619263,1,0.9881428,1.0,0.9881428,1.0,0.9854432,0.8607506,0.87140137,0.9900432,0.9922326,0.5461168,0.45379004,0.3271028,0.6728972
screw,/root/private_data/iad-vlm-anomaly/datasets/MVTecAD/screw/test/thread_side/016.png,0.85,135,82,156,98,282,0.9222075343132019,1.0,0.31027253668763105,0.4736,0.8268321513002364,22,17,374,0.7540106951871658,1.2941176470588236,0.7950205577249241,0.005620216836734694,0.9222075343132019,1.0,0.04362846538424492,0.6908021569252014,0.8498972654342651,0.2314053773880005,0.3091978430747986,0.15010273456573486,1,0.95571434,1.0,0.95571434,1.0,0.97724783,0.7303344,0.78063804,0.98892206,0.9586143,0.65501213,0.59930235,0.23831776,0.7616823
screw,/root/private_data/iad-vlm-anomaly/datasets/MVTecAD/screw/test/thread_side/017.png,0.85,122,44,140,68,353,0.9174543023109436,1.0,0.17543859649122806,0.29850746268656714,0.8120868744098205,19,25,475,0.7431578947368421,0.76,0.7846603018208851,0.007035235969387755,0.9174543023109436,1.0,0.04247704893350601,0.6990503072738647,0.8497018218040466,0.21840399503707886,0.30094969272613525,0.15029817819595337,1,0.8880435,1.0,0.8880435,1.0,0.9494912,0.67513406,0.7543142,0.99030465,0.8703615,0.6289604,0.5790498,0.30467287,0.69532716
screw,/root/private_data/iad-vlm-anomaly/datasets/MVTecAD/screw/test/thread_side/020.png,0.85,163,56,191,80,496,0.9208530187606812,1.0,0.0,0.0,0.8205645161290321,29,25,725,0.6841379310344827,1.16,0.8707615641866255,0.009885204081632654,0.9208530187606812,1.0,0.04321194067597389,0.7036665081977844,0.8497714400291443,0.21718651056289673,0.2963334918022156,0.1502285599708557,1,0.9364304,1.0,0.9364304,1.0,0.9672069,0.66996497,0.7395817,0.98981214,0.9211014,0.48728442,0.74736226,0.43831775,0.5616822
screw,/root/private_data/iad-vlm-anomaly/datasets/MVTecAD/screw/test/thread_side/021.png,0.85,161,140,181,163,344,0.9142303466796875,1.0,0.46825396825396826,0.6378378378378379,0.8018410852713179,21,24,504,0.6825396825396826,0.875,0.8821987697091028,0.006855867346938775,0.9142303466796875,1.0,0.04256102070212364,0.7042070627212524,0.8499186635017395,0.21002328395843506,0.29579293727874756,0.1500813364982605,1,0.8421447,1.0,0.8421447,1.0,0.9515155,0.6395518,0.7378565,0.98877066,0.8090389,0.4834479,0.7697199,0.2962617,0.70373833
screw,/root/private_data/iad-vlm-anomaly/datasets/MVTecAD/screw/test/thread_top/000.png,0.85,51,64,68,81,257,0.9204689264297485,1.0,0.4107883817427386,0.5823529411764706,0.8164721141374837,18,18,324,0.7932098765432098,1.0,1.0,0.005121970663265306,0.9204689264297485,1.0,0.042689770460128784,0.6736285090446472,0.8498231172561646,0.24684041738510132,0.3263714909553528,0.15017688274383545,1,0.93096215,1.0,0.93096215,1.0,0.95461917,0.79586744,0.8354475,0.9894466,0.89660776,0.74910873,1.0,0.21495326,0.78504676
screw,/root/private_data/iad-vlm-anomaly/datasets/MVTecAD/screw/test/thread_top/001.png,0.85,126,72,143,101,403,0.92531818151474,1.0,0.5505836575875487,0.7101631116687579,0.8337468982630273,18,30,540,0.7462962962962963,0.6,0.661889753701244,0.008031728316326531,0.92531818151474,1.0,0.043428581207990646,0.6634320616722107,0.8495134115219116,0.2618861198425293,0.3365679383277893,0.15048658847808838,1,1.0,1.0,1.0,1.0,0.97242934,0.85974747,0.8679893,0.99163747,1.0,0.6364939,0.33905563,0.35140187,0.64859813
screw,/root/private_data/iad-vlm-anomaly/datasets/MVTecAD/screw/test/thread_top/003.png,0.85,52,167,71,191,370,0.9213293790817261,1.0,0.49213483146067416,0.6596385542168675,0.8247747747747748,20,25,500,0.74,0.8,0.817565525261158,0.007374043367346939,0.9213293790817261,1.0,0.04359584301710129,0.6794242858886719,0.8495213389396667,0.2419050931930542,0.3205757141113281,0.15047866106033325,1,0.9432122,1.0,0.9432122,1.0,0.97646147,0.7749134,0.8169504,0.9915814,0.9463006,0.62137985,0.6433736,0.32056075,0.67943925
screw,/root/private_data/iad-vlm-anomaly/datasets/MVTecAD/screw/test/thread_top/003.png,0.85,132,29,154,57,486,0.9139930605888367,0.9750047326087952,0.0,0.0,0.803840877914952,23,29,667,0.7286356821589205,0.7931034482758621,0.811819036919579,0.009685905612244899,0.9139930605888367,0.9750047326087952,0.0364195890724659,0.6978419423103333,0.8499597907066345,0.21615111827850342,0.2771627902984619,0.12504494190216064,2,0.8387665,0.82109684,0.8387665,0.82109684,0.803467,0.66556895,0.67839867,0.8116614,0.8210079,0.59410006,0.6321403,0.42897195,0.57102805
screw,/root/private_data/iad-vlm-anomaly/datasets/MVTecAD/screw/test/thread_top/003.png,0.85,158,147,177,168,316,0.8882608413696289,0.9267314672470093,0.0,0.0,0.7246835443037974,20,22,440,0.7181818181818181,0.9090909090909091,0.9129833890329112,0.006297831632653061,0.8882608413696289,0.9267314672470093,0.022427497431635857,0.7399265766143799,0.8496338129043579,0.14833426475524902,0.1868048906326294,0.07709765434265137,3,0.472422,0.47558182,0.472422,0.47558182,0.46616638,0.37763688,0.39002284,0.47247887,0.3472394,0.5690058,0.82989836,0.27009344,0.72990656
screw,/root/private_data/iad-vlm-anomaly/datasets/MVTecAD/screw/test/thread_top/005.png,0.85,118,106,137,141,532,0.9234545826911926,1.0,0.5056603773584906,0.6716791979949874,0.8267543859649122,20,36,720,0.7388888888888889,0.5555555555555556,0.6298075315185029,0.010602678571428572,0.9234545826911926,1.0,0.04264665022492409,0.6743655204772949,0.8499966263771057,0.2490890622138977,0.3256344795227051,0.1500033736228943,1,0.9734683,1.0,0.9734683,1.0,0.9535797,0.80541456,0.8330953,0.98821914,0.9581487,0.6187126,0.27634075,0.4719626,0.5280374
screw,/root/private_data/iad-vlm-anomaly/datasets/MVTecAD/screw/test/thread_top/006.png,0.85,58,146,76,166,302,0.9223705530166626,1.0,0.46254681647940077,0.6325224071702945,0.8239514348785871,19,21,399,0.7568922305764411,0.9047619047619048,0.909021940309633,0.006018813775510204,0.9223705530166626,1.0,0.04268649220466614,0.6641601324081421,0.8498817086219788,0.2582104206085205,0.3358398675918579,0.15011829137802124,1,0.9580352,1.0,0.9580352,1.0,0.9545402,0.8441414,0.8656657,0.9890321,0.9413726,0.66192913,0.82215434,0.25700933,0.7429907
screw,/root/private_data/iad-vlm-anomaly/datasets/MVTecAD/screw/test/thread_top/007.png,0.85,117,101,137,133,508,0.9185923933982849,1.0,0.463452566096423,0.6333687566418703,0.8136482939632547,21,33,693,0.733044733044733,0.6363636363636364,0.6887122902623896,0.01012436224489796,0.9185923933982849,1.0,0.042254772037267685,0.7028146982192993,0.8497958183288574,0.2157776951789856,0.2971853017807007,0.15020418167114258,1,0.9042463,1.0,0.9042463,1.0,0.9441329,0.6639835,0.7423002,0.9896397,0.87970674,0.60468394,0.3914889,0.4495327,0.5504673
screw,/root/private_data/iad-vlm-anomaly/datasets/MVTecAD/screw/test/thread_top/008.png,0.85,121,140,140,161,290,0.9182531833648682,1.0,0.49078341013824883,0.6584234930448223,0.8126436781609195,20,22,440,0.6590909090909091,0.9090909090909091,0.9129833890329112,0.005779655612244898,0.9182531833648682,1.0,0.04337408393621445,0.660419762134552,0.849929690361023,0.25783342123031616,0.339580237865448,0.15007030963897705,1,0.89941704,1.0,0.89941704,1.0,0.9711156,0.8425408,0.877603,0.9886927,0.8736942,0.42715976,0.82989836,0.24579439,0.7542056
screw,/root/private_data/iad-vlm-anomaly/datasets/MVTecAD/screw/test/thread_top/008.png,0.85,196,81,206,96,147,0.8844040632247925,0.9206610918045044,0.0,0.0,0.7142857142857143,11,16,176,0.8352272727272727,0.6875,0.7274349058739876,0.0029296875,0.8844040632247925,0.9206610918045044,0.020033489912748337,0.7331483364105225,0.8493635654449463,0.15125572681427002,0.18751275539398193,0.0712975263595581,2,0.41751382,0.4321332,0.41751382,0.4321332,0.4084552,0.3900406,0.39228198,0.43144834,0.28500706,0.8499704,0.46718463,0.11214954,0.88785046
screw,/root/private_data/iad-vlm-anomaly/datasets/MVTecAD/screw/test/thread_top/009.png,0.85,11,168,35,195,545,0.9248517155647278,1.0,0.0,0.0,0.8311926605504586,25,28,700,0.7785714285714286,0.8928571428571429,0.8982073427168075,0.010861766581632654,0.9248517155647278,1.0,0.04393012449145317,0.6917637586593628,0.8492665886878967,0.233087956905365,0.3082362413406372,0.15073341131210327,1,0.993359,1.0,0.993359,1.0,0.9845198,0.7374782,0.7775691,0.9933835,0.9847125,0.7139695,0.8010138,0.48411214,0.51588786
screw,/root/private_data/iad-vlm-anomaly/datasets/MVTecAD/screw/test/thread_top/009.png,0.85,51,49,65,65,188,0.8878634572029114,0.9253824949264526,0.3943217665615142,0.5656108597285068,0.724290780141844,15,17,255,0.7372549019607844,0.8823529411764706,0.8887600045044113,0.0037468112244897957,0.8878634572029114,0.9253824949264526,0.021488763391971588,0.7036036252975464,0.8497760891914368,0.184259831905365,0.22177886962890625,0.07560640573501587,2,0.46676454,0.46592656,0.46676454,0.46592656,0.4435368,0.53016716,0.50164175,0.46192965,0.34488884,0.6147903,0.782546,0.15046729,0.8495327
screw,/root/private_data/iad-vlm-anomaly/datasets/MVTecAD/screw/test/thread_top/010.png,0.85,60,65,85,87,431,0.9199791550636292,1.0,0.4760076775431862,0.6449934980494149,0.8155452436194897,26,23,598,0.7207357859531772,1.1304347826086956,0.8907873966768364,0.008589764030612245,0.9199791550636292,1.0,0.042993802577257156,0.6851251125335693,0.8496810793876648,0.23485404253005981,0.31487488746643066,0.1503189206123352,1,0.92398936,1.0,0.92398936,1.0,0.96194834,0.7449765,0.79875624,0.9904514,0.8910604,0.5751366,0.78650916,0.3775701,0.6224299
screw,/root/private_data/iad-vlm-anomaly/datasets/MVTecAD/screw/test/thread_top/010.png,0.85,136,117,151,130,138,0.8765933513641357,0.9047533273696899,0.0,0.0,0.6823671497584541,16,14,224,0.6160714285714286,1.1428571428571428,0.882198769709103,0.0027503188775510204,0.8765933513641357,0.9047533273696899,0.01617649756371975,0.71355801820755,0.8497571349143982,0.1630353331565857,0.1911953091621399,0.05499619245529175,2,0.3063143,0.31827366,0.3063143,0.31827366,0.31547657,0.44005364,0.4040348,0.31613153,0.09396958,0.32389247,0.7697199,0.10373832,0.8962617
screw,/root/private_data/iad-vlm-anomaly/datasets/MVTecAD/screw/test/thread_top/011.png,0.85,76,130,94,145,249,0.920789361000061,1.0,0.42105263157894735,0.5925925925925926,0.8186077643908969,19,16,304,0.819078947368421,1.1875,0.8533513510699222,0.004962531887755102,0.920789361000061,1.0,0.04290721192955971,0.6723817586898804,0.8491679430007935,0.24840760231018066,0.32761824131011963,0.15083205699920654,1,0.9355241,1.0,0.9355241,1.0,0.9598609,0.8025213,0.83942646,0.9940813,0.90938985,0.81120676,0.7133284,0.20747662,0.7925234
screw,/root/private_data/iad-vlm-anomaly/datasets/MVTecAD/screw/test/thread_top/013.png,0.85,98,60,115,79,256,0.9211841821670532,1.0,0.0,0.0,0.8235677083333334,18,20,360,0.7111111111111111,0.9,0.9046822152905256,0.00510204081632653,0.9211841821670532,1.0,0.043309759348630905,0.6579982042312622,0.8495105504989624,0.263185977935791,0.3420017957687378,0.1504894495010376,1,0.94114506,1.0,0.94114506,1.0,0.969565,0.86526626,0.8853314,0.9916577,0.9390758,0.5520329,0.813671,0.2140187,0.7859813
screw,/root/private_data/iad-vlm-anomaly/datasets/MVTecAD/screw/test/thread_top/013.png,0.85,96,146,109,169,236,0.8988929986953735,0.9574537873268127,0.24347826086956523,0.3916083916083916,0.7535310734463275,14,24,336,0.7023809523809523,0.5833333333333334,0.6497740570065748,0.00470344387755102,0.8988929986953735,0.9574537873268127,0.03054707683622837,0.6817012429237366,0.8498238325119019,0.21719175577163696,0.27575254440307617,0.10762995481491089,2,0.6237899,0.69547623,0.6237899,0.69547623,0.6619012,0.6699872,0.6738979,0.68846655,0.51989645,0.5310763,0.31537172,0.19532712,0.8046729
screw,/root/private_data/iad-vlm-anomaly/datasets/MVTecAD/screw/test/thread_top/015.png,0.85,90,96,108,119,353,0.9204559922218323,0.9925371408462524,0.23839662447257384,0.3850085178875639,0.821529745042493,19,24,456,0.7741228070175439,0.7916666666666666,0.8106257792229409,0.007035235969387755,0.9204559922218323,0.9925371408462524,0.0415218248963356,0.6986077427864075,0.8497568368911743,0.2218482494354248,0.29392939805984497,0.14278030395507812,1,0.93077797,0.9465847,0.93077797,0.9465847,0.9264641,0.68975747,0.73190904,0.93712264,0.92687845,0.7032908,0.6298077,0.30467287,0.69532716
screw,/root/private_data/iad-vlm-anomaly/datasets/MVTecAD/screw/test/thread_top/015.png,0.85,137,182,155,200,277,0.9107897281646729,1.0,0.0,0.0,0.7942238267148013,19,19,361,0.7673130193905817,1.0,1.0,0.005520567602040816,0.9107897281646729,1.0,0.04262209311127663,0.7265727519989014,0.849579930305481,0.18421697616577148,0.27342724800109863,0.15042006969451904,2,0.7931613,1.0,0.7931613,1.0,0.95298773,0.5299852,0.6664768,0.9911669,0.7634486,0.686944,1.0,0.23364487,0.76635516
screw,/root/private_data/iad-vlm-anomaly/datasets/MVTecAD/screw/test/thread_top/015.png,0.85,17,9,32,23,177,0.907128632068634,0.9655761122703552,0.0,0.0,0.7834274952919019,16,15,240,0.7375,1.0666666666666667,0.9393741796505354,0.003527582908163265,0.907128632068634,0.9655761122703552,0.03414095938205719,0.6686185002326965,0.8496434688568115,0.2385101318359375,0.2969576120376587,0.1159326434135437,3,0.741039,0.7536116,0.741039,0.7536116,0.7485371,0.7604993,0.7415736,0.74720037,0.6988307,0.6153787,0.88148755,0.14018692,0.8598131
screw,/root/private_data/iad-vlm-anomaly/datasets/MVTecAD/screw/test/thread_top/015.png,0.85,196,13,208,29,174,0.9005877375602722,0.9596629738807678,0.0,0.0,0.7586206896551723,13,17,221,0.7873303167420814,0.7647058823529411,0.7884793785598415,0.0034677933673469387,0.9005877375602722,0.9596629738807678,0.03158342093229294,0.6867806911468506,0.8489797115325928,0.21380704641342163,0.27288228273391724,0.11068326234817505,4,0.64791757,0.71128845,0.64791757,0.71128845,0.6868838,0.65561664,0.6647375,0.71006584,0.55035836,0.73499507,0.5865155,0.13738318,0.86261684
screw,/root/private_data/iad-vlm-anomaly/datasets/MVTecAD/screw/test/thread_top/015.png,0.85,165,209,175,217,71,0.8848920464515686,0.9237042665481567,0.0,0.0,0.7112676056338029,11,9,99,0.7171717171717171,1.2222222222222223,0.8328678327699911,0.0014150191326530613,0.8848920464515686,0.9237042665481567,0.02137388288974762,0.6997430920600891,0.848971426486969,0.1851489543914795,0.22396117448806763,0.07473284006118774,5,0.42446116,0.45391467,0.42446116,0.45391467,0.4407674,0.5339421,0.50860655,0.45575,0.26694304,0.5665812,0.6732869,0.041121498,0.9588785
screw,/root/private_data/iad-vlm-anomaly/datasets/MVTecAD/screw/test/thread_top/019.png,0.85,131,161,148,180,276,0.9179506897926331,1.0,0.45817490494296575,0.6284224250325945,0.8121980676328501,18,20,360,0.7666666666666667,0.9,0.9046822152905256,0.005500637755102041,0.9179506897926331,1.0,0.0425027459859848,0.6772801876068115,0.8498377799987793,0.24067050218582153,0.3227198123931885,0.1501622200012207,1,0.8951105,1.0,0.8951105,1.0,0.9501107,0.7696716,0.82379323,0.98934287,0.8710268,0.68539244,0.813671,0.23271027,0.76728976
