case_type,selection_metric,selection_order,backbone,dataset,strategy,eval_mode,category,image_key,is_anomaly_final,D,M,Q,K,agreement,mutual_anomaly_evidence,adaptive_gate,score_naive,score_quality,score_fixed_qc,score_adaptive,delta_quality_minus_naive,delta_fixed_minus_quality,delta_adaptive_minus_quality,delta_adaptive_minus_fixed,detector_vlm_disagreement,has_candidate,num_candidates,fallback
quality_helps_anomaly_boost,delta_quality_minus_naive,descending,FastFlow,VisA,inspection_binary,crop_topk_ensemble,capsules,datasets/VisA_anomalib_1cls/capsules/test/anomaly/capsules_test_anomaly_026.JPG,1,1.0,0.8914726935559529,1.0,0.8430981284559295,0.8914726935559529,0.8914726935559529,0.6700299489051916,0.9457363467779765,0.9744213726504226,0.9631940320227891,0.9669872545609565,0.028685025872446146,-0.01122734062763353,-0.007434118089466146,0.0037932225381673845,0.10852730644404707,True,1.0,0
quality_helps_anomaly_boost,delta_quality_minus_naive,descending,FastFlow,VisA,inspection_binary,crop_topk_ensemble,macaroni1,datasets/VisA_anomalib_1cls/macaroni1/test/anomaly/macaroni1_test_anomaly_046.JPG,1,1.0,0.742375730409035,1.0,0.6467487277546916,0.742375730409035,0.742375730409035,0.35643727454662116,0.8711878652045175,0.8972438851530047,0.8813373340810237,0.8774758437189777,0.026056019948487164,-0.015906551071981023,-0.019768041434026995,-0.0038614903620459717,0.25762426959096496,True,1.0,0
quality_helps_anomaly_boost,delta_quality_minus_naive,descending,FastFlow,VisA,inspection_binary,crop_topk_ensemble,pcb4,datasets/VisA_anomalib_1cls/pcb4/test/anomaly/pcb4_test_anomaly_035.JPG,1,1.0,0.6980816493719296,1.0,0.5926998192808817,0.6980816493719296,0.6980816493719296,0.2888332841251371,0.8490408246859649,0.8743158132909221,0.8574614105707474,0.8521513729210494,0.02527498860495725,-0.016854402720174688,-0.02216444036987275,-0.005310037649698063,0.3019183506280704,True,1.0,0
quality_helps_anomaly_boost,delta_quality_minus_naive,descending,FastFlow,VisA,inspection_binary,crop_topk_ensemble,fryum,datasets/VisA_anomalib_1cls/fryum/test/anomaly/fryum_test_anomaly_010.JPG,1,0.9641742270061102,0.6741906719863796,1.0,0.5816330105815529,0.7100164449802694,0.6741906719863796,0.278419849275548,0.819182449496245,0.8434044609835367,0.8316536712176448,0.8220136343441757,0.02422201148729175,-0.011750789765891945,-0.021390826639360982,-0.009640036873469038,0.2899835550197306,True,3.0,0
quality_helps_anomaly_boost,delta_quality_minus_naive,descending,FastFlow,VisA,inspection_binary,crop_topk_ensemble,cashew,datasets/VisA_anomalib_1cls/cashew/test/anomaly/cashew_test_anomaly_024.JPG,1,0.9743915974629872,0.6826727391913455,0.997684896959028,0.5868337101414378,0.7082811417283583,0.6826727391913455,0.2830914095669792,0.8285321683271664,0.8526748559577906,0.8396751212727722,0.8311288327288912,0.024142687630624216,-0.01299973468501836,-0.021546023228899425,-0.008546288543881064,0.2917188582716417,True,2.0,0
quality_boundary_anomaly_suppression,delta_quality_minus_naive,ascending,FastFlow,VisA,inspection_binary,crop_topk_ensemble,chewinggum,datasets/VisA_anomalib_1cls/chewinggum/test/anomaly/chewinggum_test_anomaly_001.JPG,1,0.8931071809379851,0.8285592059706085,0.0,0.8052681540321219,0.9354520250326234,0.8285592059706085,0.0,0.8608331934542968,0.6720793125799341,0.7858938378467816,0.6440286831710057,-0.18875388087436262,0.11381452526684743,-0.02805062940892844,-0.14186515467577587,0.06454797496737663,True,3.0,0
quality_boundary_anomaly_suppression,delta_quality_minus_naive,ascending,FastFlow,VisA,inspection_binary,crop_topk_ensemble,cashew,datasets/VisA_anomalib_1cls/cashew/test/anomaly/cashew_test_anomaly_078.JPG,1,0.3129206800157288,0.7616280564350599,0.0,0.2961953960416241,0.5512926235806689,0.3129206800157288,0.0,0.5372743682253944,0.3544328334047419,0.4660467887589538,0.33963984115799656,-0.18284153482065252,0.11161395535421187,-0.014792992246745351,-0.12640694760095722,0.4487073764193311,True,3.0,0
quality_boundary_anomaly_suppression,delta_quality_minus_naive,ascending,FastFlow,VisA,inspection_binary,crop_topk_ensemble,pipe_fryum,datasets/VisA_anomalib_1cls/pipe_fryum/test/anomaly/pipe_fryum_test_anomaly_045.JPG,1,1.0,0.9313670832634152,0.1795542763580418,0.8994058635250085,0.9313670832634152,0.9313670832634152,0.14008551699293734,0.9656835416317076,0.7973010316410496,0.9007681522250301,0.7709726522076613,-0.16838250999065796,0.10346712058398055,-0.026328379433388283,-0.12979550001736884,0.06863291673658478,True,3.0,0
quality_boundary_anomaly_suppression,delta_quality_minus_naive,ascending,FastFlow,VisA,inspection_binary,crop_topk_ensemble,capsules,datasets/VisA_anomalib_1cls/capsules/test/anomaly/capsules_test_anomaly_003.JPG,1,0.2451058782873495,0.748865354039907,0.0810847236964087,0.2466244027084771,0.4962405242474426,0.2451058782873495,0.002432321851709442,0.49698561616362824,0.3317421988402925,0.4360196597730948,0.318016897535579,-0.16524341732333575,0.10427746093280232,-0.0137253013047135,-0.11800276223751582,0.5037594757525574,True,3.0,0
quality_boundary_anomaly_suppression,delta_quality_minus_naive,ascending,FastFlow,VisA,inspection_binary,crop_topk_ensemble,capsules,datasets/VisA_anomalib_1cls/capsules/test/anomaly/capsules_test_anomaly_039.JPG,1,0.3125280270471128,0.677443150147484,0.0,0.3143578616014055,0.6350848768996288,0.3125280270471128,0.0,0.4949855885972984,0.3324411464071633,0.4329888754127419,0.3185660230049122,-0.16254444219013509,0.10054772900557857,-0.01387512340225111,-0.11442285240782968,0.3649151231003712,True,3.0,0
fixed_consistency_boundary_anomaly_suppression,delta_fixed_minus_quality,ascending,FastFlow,VisA,inspection_binary,crop_topk_ensemble,pipe_fryum,datasets/VisA_anomalib_1cls/pipe_fryum/test/anomaly/pipe_fryum_test_anomaly_095.JPG,1,1.0,0.0542568105179419,0.3206302681632687,0.0286003060027609,0.054256810517941956,0.0542568105179419,2.699502403432493e-05,0.527128405258971,0.5315108342636928,0.46314187210290453,0.5093284619967786,0.004382429004721855,-0.0683689621607883,-0.02218237226691422,0.046186589893874086,0.945743189482058,True,1.0,0
fixed_consistency_boundary_anomaly_suppression,delta_fixed_minus_quality,ascending,FastFlow,VisA,inspection_binary,crop_topk_ensemble,pipe_fryum,datasets/VisA_anomalib_1cls/pipe_fryum/test/anomaly/pipe_fryum_test_anomaly_058.JPG,1,0.9400471599915178,0.1618647079943636,0.1893802231254232,0.1222116943359319,0.2218175480028458,0.1618647079943636,0.0008309893491480068,0.5509559339929406,0.5317592504841726,0.4789384886658834,0.5096063904489551,-0.01919668350876802,-0.05282076181828921,-0.022152860035217548,0.03066790178307166,0.7781824519971542,True,3.0,0
fixed_consistency_boundary_anomaly_suppression,delta_fixed_minus_quality,ascending,FastFlow,VisA,inspection_binary,crop_topk_ensemble,pcb1,datasets/VisA_anomalib_1cls/pcb1/test/anomaly/pcb1_test_anomaly_071.JPG,1,0.8631142249053142,0.011949105164245,0.4480676741969024,0.065119972974942,0.14883488025893077,0.011949105164245,5.189170378529013e-05,0.4375316650347796,0.4465875670153338,0.4060589463029699,0.42795087906693197,0.009055901980554226,-0.040528620712363905,-0.018636687948401842,0.021891932763962063,0.8511651197410692,True,2.0,0
fixed_consistency_boundary_anomaly_suppression,delta_fixed_minus_quality,ascending,FastFlow,VisA,inspection_binary,crop_topk_ensemble,macaroni2,datasets/VisA_anomalib_1cls/macaroni2/test/anomaly/macaroni2_test_anomaly_036.JPG,1,1.0,0.1098236798664886,0.6316174519764988,0.0609424602629527,0.10982367986648855,0.1098236798664886,0.0004642651527708012,0.5549118399332443,0.55934318874478,0.5215444354850034,0.5360208650545691,0.004431348811535618,-0.03779875325977655,-0.02332232369021081,0.01447642956956574,0.8901763201335114,True,1.0,0
fixed_consistency_boundary_anomaly_suppression,delta_fixed_minus_quality,ascending,FastFlow,VisA,inspection_binary,crop_topk_ensemble,pipe_fryum,datasets/VisA_anomalib_1cls/pipe_fryum/test/anomaly/pipe_fryum_test_anomaly_094.JPG,1,1.0,0.2740373078720372,0.3363126282471022,0.1745668769888955,0.2740373078720372,0.2740373078720372,0.004408840649159343,0.6370186539360185,0.6077442636240229,0.5706101038674279,0.5825974824379944,-0.029274390311995635,-0.03713415975659495,-0.025146781186028533,0.01198737857056642,0.7259626921279628,True,3.0,0
quality_helps_normal_suppression,delta_quality_minus_naive,ascending,FastFlow,VisA,inspection_binary,crop_topk_ensemble,pcb1,datasets/VisA_anomalib_1cls/pcb1/test/good/pcb1_test_normal_0490.JPG,0,0.2997831004137727,0.6885183513737361,0.0,0.3020569194513977,0.6112647490400367,0.2997831004137727,0.0,0.4941507258937544,0.3287103976241263,0.43102904908604744,0.3149909847899167,-0.16544032826962812,0.10231865146192115,-0.013719412834209577,-0.11603806429613073,0.38873525095996336,False,0.0,1
quality_helps_normal_suppression,delta_quality_minus_naive,ascending,FastFlow,VisA,inspection_binary,crop_topk_ensemble,macaroni2,datasets/VisA_anomalib_1cls/macaroni2/test/good/macaroni2_test_normal_0764.JPG,0,0.279237333023992,0.6509015545921273,0.0,0.2922197710000115,0.6283357784318647,0.279237333023992,0.0,0.46506944380805965,0.30833938822597,0.4059902128327656,0.2954702018823214,-0.15673005558208963,0.09765082460679558,-0.012869186343648586,-0.11052001095044417,0.3716642215681353,False,0.0,1
quality_helps_normal_suppression,delta_quality_minus_naive,ascending,FastFlow,VisA,inspection_binary,crop_topk_ensemble,pcb3,datasets/VisA_anomalib_1cls/pcb3/test/good/pcb3_test_normal_0402.JPG,0,0.1251428486811802,0.6336533178682742,0.0,0.1864701859400115,0.49148953081290603,0.1251428486811802,0.0,0.3793980832747272,0.22411089248211252,0.3243004612479247,0.214757157775731,-0.15528719079261466,0.1001895687658122,-0.009353734706381511,-0.10954330347219371,0.508510469187094,False,0.0,1
quality_helps_normal_suppression,delta_quality_minus_naive,ascending,FastFlow,VisA,inspection_binary,crop_topk_ensemble,macaroni2,datasets/VisA_anomalib_1cls/macaroni2/test/good/macaroni2_test_normal_0490.JPG,0,0.3658765200826593,0.6237687521541249,0.0,0.3672117220103333,0.7421077679285344,0.3658765200826593,0.0,0.49482263611839206,0.34616426337104705,0.43831186541262585,0.3317163771101809,-0.148658372747345,0.09214760204157879,-0.014447886260866127,-0.10659548830244492,0.25789223207146555,False,0.0,1
quality_helps_normal_suppression,delta_quality_minus_naive,ascending,FastFlow,VisA,inspection_binary,crop_topk_ensemble,macaroni2,datasets/VisA_anomalib_1cls/macaroni2/test/good/macaroni2_test_normal_0659.JPG,0,0.1200176592991981,0.6052909645001567,0.0,0.1866678553187416,0.5147266947990414,0.1200176592991981,0.0,0.3626543118996774,0.21411728299313723,0.3104894058461796,0.20518065238590838,-0.14853702890654016,0.09637212285304239,-0.008936630607228851,-0.10530875346027124,0.4852733052009586,False,0.0,1
quality_boundary_normal_boost,delta_quality_minus_naive,descending,FastFlow,VisA,inspection_binary,crop_topk_ensemble,capsules,datasets/VisA_anomalib_1cls/capsules/test/good/capsules_test_normal_377.JPG,0,0.5534931152540822,0.0,0.0,0.1235692433102067,0.4465068847459178,0.0,0.0,0.2767465576270411,0.28183917649636436,0.23300844414328978,0.27007603166384603,0.005092618869323273,-0.048830732353074585,-0.011763144832518335,0.03706758752055625,0.5534931152540822,False,0.0,1
quality_boundary_normal_boost,delta_quality_minus_naive,descending,FastFlow,VisA,inspection_binary,crop_topk_ensemble,macaroni2,datasets/VisA_anomalib_1cls/macaroni2/test/good/macaroni2_test_normal_0208.JPG,0,0.6948591977673737,0.0159631396593342,0.0,0.1141239272662866,0.32110394189196045,0.0159631396593342,0.0,0.35541116871335393,0.3591464289593779,0.29701532646691664,0.3441567049882485,0.0037352602460239415,-0.06213110249246123,-0.014989723971129354,0.04714137852133188,0.6788960581080395,False,0.0,1
quality_boundary_normal_boost,delta_quality_minus_naive,descending,FastFlow,VisA,inspection_binary,crop_topk_ensemble,pcb1,datasets/VisA_anomalib_1cls/pcb1/test/good/pcb1_test_normal_0694.JPG,0,0.6808357757375547,0.0197321891649766,0.0,0.1187099853338079,0.33889641342742194,0.0197321891649766,0.0,0.3502839824512657,0.3528629368408645,0.2932534788751369,0.3381354674958056,0.00257895438959882,-0.059609457965727586,-0.014727469345058919,0.04488198862066867,0.6611035865725781,False,0.0,1
quality_boundary_normal_boost,delta_quality_minus_naive,descending,FastFlow,VisA,inspection_binary,crop_topk_ensemble,chewinggum,datasets/VisA_anomalib_1cls/chewinggum/test/good/chewinggum_test_normal_389.JPG,0,0.3933428320357502,0.0,0.0,0.1193121242609229,0.6066571679642498,0.0,0.0,0.1966714160178751,0.19894012731444777,0.16642147989519165,0.1906369468989683,0.002268711296572662,-0.032518647419256114,-0.008303180415479477,0.024215467003776636,0.3933428320357502,False,0.0,1
quality_boundary_normal_boost,delta_quality_minus_naive,descending,FastFlow,VisA,inspection_binary,crop_topk_ensemble,cashew,datasets/VisA_anomalib_1cls/cashew/test/good/cashew_test_normal_435.JPG,0,0.4940438072560047,0.0099035565400308,0.0,0.1299830803700844,0.515859749284026,0.0099035565400308,0.0,0.2519736818980178,0.25362946430334565,0.21320668655259734,0.2430437105430526,0.001655782405327877,-0.04042277775074832,-0.010585753760293054,0.029837023990455264,0.48414025071597394,False,0.0,1
fixed_consistency_boundary_normal_boost,delta_fixed_minus_quality,descending,FastFlow,VisA,inspection_binary,crop_topk_ensemble,pcb1,datasets/VisA_anomalib_1cls/pcb1/test/good/pcb1_test_normal_0490.JPG,0,0.2997831004137727,0.6885183513737361,0.0,0.3020569194513977,0.6112647490400367,0.2997831004137727,0.0,0.4941507258937544,0.3287103976241263,0.43102904908604744,0.3149909847899167,-0.16544032826962812,0.10231865146192115,-0.013719412834209577,-0.11603806429613073,0.38873525095996336,False,0.0,1
fixed_consistency_boundary_normal_boost,delta_fixed_minus_quality,descending,FastFlow,VisA,inspection_binary,crop_topk_ensemble,pcb3,datasets/VisA_anomalib_1cls/pcb3/test/good/pcb3_test_normal_0402.JPG,0,0.1251428486811802,0.6336533178682742,0.0,0.1864701859400115,0.49148953081290603,0.1251428486811802,0.0,0.3793980832747272,0.22411089248211252,0.3243004612479247,0.214757157775731,-0.15528719079261466,0.1001895687658122,-0.009353734706381511,-0.10954330347219371,0.508510469187094,False,0.0,1
fixed_consistency_boundary_normal_boost,delta_fixed_minus_quality,descending,FastFlow,VisA,inspection_binary,crop_topk_ensemble,macaroni2,datasets/VisA_anomalib_1cls/macaroni2/test/good/macaroni2_test_normal_0764.JPG,0,0.279237333023992,0.6509015545921273,0.0,0.2922197710000115,0.6283357784318647,0.279237333023992,0.0,0.46506944380805965,0.30833938822597,0.4059902128327656,0.2954702018823214,-0.15673005558208963,0.09765082460679558,-0.012869186343648586,-0.11052001095044417,0.3716642215681353,False,0.0,1
fixed_consistency_boundary_normal_boost,delta_fixed_minus_quality,descending,FastFlow,VisA,inspection_binary,crop_topk_ensemble,macaroni2,datasets/VisA_anomalib_1cls/macaroni2/test/good/macaroni2_test_normal_0659.JPG,0,0.1200176592991981,0.6052909645001567,0.0,0.1866678553187416,0.5147266947990414,0.1200176592991981,0.0,0.3626543118996774,0.21411728299313723,0.3104894058461796,0.20518065238590838,-0.14853702890654016,0.09637212285304239,-0.008936630607228851,-0.10530875346027124,0.4852733052009586,False,0.0,1
fixed_consistency_boundary_normal_boost,delta_fixed_minus_quality,descending,FastFlow,VisA,inspection_binary,crop_topk_ensemble,pcb3,datasets/VisA_anomalib_1cls/pcb3/test/good/pcb3_test_normal_0659.JPG,0,0.1675755374101468,0.5954802820340745,0.0,0.2182703069455699,0.5720952553760723,0.1675755374101468,0.0,0.3815279097221107,0.23619563765676752,0.3293434655528851,0.22633752094955592,-0.1453322720653432,0.09314782789611756,-0.009858116707211595,-0.10300594460332915,0.42790474462392775,False,0.0,1
adaptive_refinement_high_gate,adaptive_gate,descending,FastFlow,VisA,inspection_binary,crop_topk_ensemble,pcb3,datasets/VisA_anomalib_1cls/pcb3/test/anomaly/pcb3_test_anomaly_019.JPG,1,1.0,0.9671151028630768,0.945760754932002,0.9512133625244684,0.9671151028630768,0.9671151028630768,0.8414252920670924,0.9835575514315384,1.0,1.0,1.0,0.016442448568461554,0.0,0.0,0.0,0.03288489713692322,True,3.0,0
adaptive_refinement_high_gate,adaptive_gate,descending,FastFlow,VisA,inspection_binary,crop_topk_ensemble,pcb3,datasets/VisA_anomalib_1cls/pcb3/test/anomaly/pcb3_test_anomaly_000.JPG,1,0.9974975327476366,0.9549096514254356,0.9639836926245824,0.9346291493604484,0.957412118677799,0.9549096514254356,0.8237021738045691,0.9762035920865362,0.9970617699568347,0.994094353416505,0.9963052861497711,0.020858177870298533,-0.002967416540329726,-0.0007564838070636126,0.0022109327332661133,0.04258788132220104,True,3.0,0
adaptive_refinement_high_gate,adaptive_gate,descending,FastFlow,VisA,inspection_binary,crop_topk_ensemble,capsules,datasets/VisA_anomalib_1cls/capsules/test/anomaly/capsules_test_anomaly_068.JPG,1,0.9090386174499652,0.8970242054539401,0.8949183189975186,0.8921820200294168,0.987985588003975,0.8970242054539401,0.7076062116755722,0.9030314114519526,0.905814170293573,0.9221346848904387,0.9031074058942806,0.002782758841620381,0.016320514596865676,-0.002706764399292405,-0.01902727899615808,0.012014411996025043,True,3.0,0
adaptive_refinement_high_gate,adaptive_gate,descending,FastFlow,VisA,inspection_binary,crop_topk_ensemble,capsules,datasets/VisA_anomalib_1cls/capsules/test/anomaly/capsules_test_anomaly_026.JPG,1,1.0,0.8914726935559529,1.0,0.8430981284559295,0.8914726935559529,0.8914726935559529,0.6700299489051916,0.9457363467779765,0.9744213726504226,0.9631940320227891,0.9669872545609565,0.028685025872446146,-0.01122734062763353,-0.007434118089466146,0.0037932225381673845,0.10852730644404707,True,1.0,0
adaptive_refinement_high_gate,adaptive_gate,descending,FastFlow,VisA,inspection_binary,crop_topk_ensemble,capsules,datasets/VisA_anomalib_1cls/capsules/test/anomaly/capsules_test_anomaly_082.JPG,1,1.0,1.0,0.6675199903252932,1.0,1.0,1.0,0.6675199903252932,1.0,0.9445473835048314,0.9898895115933014,0.9382356174836948,-0.05545261649516864,0.045342128088470046,-0.006311766021136589,-0.051653894109606635,0.0,True,3.0,0
detector_vlm_disagreement_boundary,detector_vlm_disagreement,descending,FastFlow,VisA,inspection_binary,crop_topk_ensemble,pipe_fryum,datasets/VisA_anomalib_1cls/pipe_fryum/test/anomaly/pipe_fryum_test_anomaly_096.JPG,1,1.0,0.0,1.0,0.0,0.0,0.0,0.0,0.5,0.5129658123959329,0.5079293508968207,0.49155611619842215,0.012965812395932863,-0.005036461499112188,-0.021409696197510708,-0.01637323469839852,1.0,True,1.0,0
detector_vlm_disagreement_boundary,detector_vlm_disagreement,descending,FastFlow,VisA,inspection_binary,crop_topk_ensemble,pcb3,datasets/VisA_anomalib_1cls/pcb3/test/anomaly/pcb3_test_anomaly_004.JPG,1,1.0,0.0,0.9560742566274154,0.0,0.0,0.0,0.0,0.5,0.5129658123959329,0.503393653486109,0.49155611619842215,0.012965812395932863,-0.00957215890982388,-0.021409696197510708,-0.011837537287686828,1.0,True,1.0,0
detector_vlm_disagreement_boundary,detector_vlm_disagreement,descending,FastFlow,VisA,inspection_binary,crop_topk_ensemble,pcb4,datasets/VisA_anomalib_1cls/pcb4/test/anomaly/pcb4_test_anomaly_036.JPG,1,1.0,0.0,0.7923151734767792,0.0,0.0,0.0,0.0,0.5,0.5129658123959329,0.4864841696072218,0.49155611619842215,0.012965812395932863,-0.02648164278871107,-0.021409696197510708,0.00507194659120036,1.0,True,1.0,0
detector_vlm_disagreement_boundary,detector_vlm_disagreement,descending,FastFlow,VisA,inspection_binary,crop_topk_ensemble,pipe_fryum,datasets/VisA_anomalib_1cls/pipe_fryum/test/anomaly/pipe_fryum_test_anomaly_095.JPG,1,1.0,0.0542568105179419,0.3206302681632687,0.0286003060027609,0.054256810517941956,0.0542568105179419,2.699502403432493e-05,0.527128405258971,0.5315108342636928,0.46314187210290453,0.5093284619967786,0.004382429004721855,-0.0683689621607883,-0.02218237226691422,0.046186589893874086,0.945743189482058,True,1.0,0
detector_vlm_disagreement_boundary,detector_vlm_disagreement,descending,FastFlow,VisA,inspection_binary,crop_topk_ensemble,macaroni2,datasets/VisA_anomalib_1cls/macaroni2/test/anomaly/macaroni2_test_anomaly_036.JPG,1,1.0,0.1098236798664886,0.6316174519764988,0.0609424602629527,0.10982367986648855,0.1098236798664886,0.0004642651527708012,0.5549118399332443,0.55934318874478,0.5215444354850034,0.5360208650545691,0.004431348811535618,-0.03779875325977655,-0.02332232369021081,0.01447642956956574,0.8901763201335114,True,1.0,0
quality_helps_anomaly_boost,delta_quality_minus_naive,descending,PatchCore,VisA,inspection_binary,crop_topk_ensemble,chewinggum,datasets/VisA_anomalib_1cls/chewinggum/test/anomaly/chewinggum_test_anomaly_015.JPG,1,1.0,0.7605263259958145,1.0,0.6694633092642531,0.7605263259958145,0.7605263259958145,0.387217773918348,0.8802631629979072,0.9633586013353883,0.9222445006654557,0.9532890495915746,0.08309543833748112,-0.041114100669932596,-0.010069551743813743,0.031044548926118853,0.2394736740041855,True,1.0,0
quality_helps_anomaly_boost,delta_quality_minus_naive,descending,PatchCore,VisA,inspection_binary,crop_topk_ensemble,pcb4,datasets/VisA_anomalib_1cls/pcb4/test/anomaly/pcb4_test_anomaly_041.JPG,1,1.0,0.5767622284279936,1.0,0.4547084482846094,0.5767622284279936,0.5767622284279936,0.15126088796512815,0.7883811142139968,0.8616770427800091,0.8204887731580034,0.8422209060036763,0.0732959285660123,-0.041188269622005724,-0.019456136776332844,0.02173213284567288,0.42323777157200637,True,1.0,0
quality_helps_anomaly_boost,delta_quality_minus_naive,descending,PatchCore,VisA,inspection_binary,crop_topk_ensemble,fryum,datasets/VisA_anomalib_1cls/fryum/test/anomaly/fryum_test_anomaly_010.JPG,1,0.942736026213015,0.5162754493738824,1.0,0.4184003000465975,0.5735394231608674,0.5162754493738824,0.12389013776653904,0.7295057377934486,0.7965224221091618,0.7661392210232989,0.7776839983752809,0.06701668431571317,-0.0303832010858629,-0.018838423733880894,0.011544777351982005,0.42646057683913263,True,1.0,0
quality_helps_anomaly_boost,delta_quality_minus_naive,descending,PatchCore,VisA,inspection_binary,crop_topk_ensemble,cashew,datasets/VisA_anomalib_1cls/cashew/test/anomaly/cashew_test_anomaly_099.JPG,1,1.0,0.4511470999715886,1.0,0.3273404028921816,0.4511470999715885,0.4511470999715886,0.06662480526289237,0.7255735499857943,0.7921708540922678,0.7530136162109821,0.7704042984618414,0.06659730410647358,-0.03915723788128578,-0.0217665556304264,0.01739068225085938,0.5488529000284115,True,1.0,0
quality_helps_anomaly_boost,delta_quality_minus_naive,descending,PatchCore,VisA,inspection_binary,crop_topk_ensemble,pcb2,datasets/VisA_anomalib_1cls/pcb2/test/anomaly/pcb2_test_anomaly_013.JPG,1,1.0,0.3901239410103619,1.0,0.2711603151799092,0.39012394101036185,0.3901239410103619,0.0412697022533373,0.6950619705051809,0.7584051186016334,0.7208446253762621,0.7363603619084261,0.06334314809645247,-0.03756049322537125,-0.022044756693207268,0.015515736532163982,0.6098760589896381,True,1.0,0
quality_boundary_anomaly_suppression,delta_quality_minus_naive,ascending,PatchCore,VisA,inspection_binary,crop_topk_ensemble,pipe_fryum,datasets/VisA_anomalib_1cls/pipe_fryum/test/anomaly/pipe_fryum_test_anomaly_032.JPG,1,0.6672632750116658,0.965872403445186,0.0,0.5727332284495827,0.7013908715664798,0.6672632750116658,0.0,0.8165678392284259,0.6256485367336496,0.7501582265670738,0.6056390669476381,-0.1909193024947763,0.12450968983342414,-0.02000946978601148,-0.14451915961943562,0.29860912843352017,True,2.0,0
quality_boundary_anomaly_suppression,delta_quality_minus_naive,ascending,PatchCore,VisA,inspection_binary,crop_topk_ensemble,fryum,datasets/VisA_anomalib_1cls/fryum/test/anomaly/fryum_test_anomaly_030.JPG,1,0.2605383549279869,0.8626269690513082,0.0,0.2234601353166151,0.39791138587667874,0.2605383549279869,0.0,0.5615826619896476,0.3720326088363713,0.49420194569681763,0.36013427485354677,-0.18955005315327628,0.12216933686044634,-0.011898333982824527,-0.13406767084327087,0.6020886141233213,True,3.0,0
quality_boundary_anomaly_suppression,delta_quality_minus_naive,ascending,PatchCore,VisA,inspection_binary,crop_topk_ensemble,pcb4,datasets/VisA_anomalib_1cls/pcb4/test/anomaly/pcb4_test_anomaly_032.JPG,1,1.0,0.9724908773672144,0.0,0.9591146919648346,0.9724908773672144,0.9724908773672144,0.0,0.9862454386836073,0.8115916976094599,0.9369762572820538,0.7856354001062696,-0.17465374107414733,0.12538455967259388,-0.025956297503190284,-0.15134085717578416,0.0275091226327856,True,1.0,0
quality_boundary_anomaly_suppression,delta_quality_minus_naive,ascending,PatchCore,VisA,inspection_binary,crop_topk_ensemble,pcb1,datasets/VisA_anomalib_1cls/pcb1/test/anomaly/pcb1_test_anomaly_037.JPG,1,0.1877372317054656,0.9696975548395576,0.1733800815787908,0.126183353425819,0.21803967686590808,0.1877372317054656,0.0008955445748424353,0.5787173932725116,0.40788667146556656,0.5170405917705089,0.3948896221594757,-0.17083072180694503,0.10915392030494231,-0.012997049306090858,-0.12215096961103317,0.7819603231340919,True,3.0,0
quality_boundary_anomaly_suppression,delta_quality_minus_naive,ascending,PatchCore,VisA,inspection_binary,crop_topk_ensemble,pcb3,datasets/VisA_anomalib_1cls/pcb3/test/anomaly/pcb3_test_anomaly_033.JPG,1,0.2191607564888212,0.7855684740603158,0.0192092482483122,0.2178214201482182,0.43359228242850534,0.2191607564888212,0.0003976081600032123,0.5023646152745685,0.33199292628112903,0.44490233604003115,0.32139643712600147,-0.17037168899343952,0.11290940975890212,-0.010596489155127564,-0.12350589891402969,0.5664077175714947,True,1.0,0
fixed_consistency_boundary_anomaly_suppression,delta_fixed_minus_quality,ascending,PatchCore,VisA,inspection_binary,crop_topk_ensemble,pcb3,datasets/VisA_anomalib_1cls/pcb3/test/anomaly/pcb3_test_anomaly_054.JPG,1,1.0,0.1464422548361547,0.0450456974140587,0.0839437944188259,0.1464422548361547,0.1464422548361547,8.109138649848094e-05,0.5732211274180774,0.5848794056654466,0.49405593255822844,0.5661781563129605,0.011658278247369203,-0.09082347310721817,-0.01870124935248607,0.0721222237547321,0.8535577451638453,True,1.0,0
fixed_consistency_boundary_anomaly_suppression,delta_fixed_minus_quality,ascending,PatchCore,VisA,inspection_binary,crop_topk_ensemble,pcb4,datasets/VisA_anomalib_1cls/pcb4/test/anomaly/pcb4_test_anomaly_035.JPG,1,1.0,0.1690295158740655,0.0228946080628674,0.0988002465553432,0.16902951587406556,0.1690295158740655,6.462734826669566e-05,0.5845147579370328,0.5903740857466258,0.5029537652480821,0.5714962238630505,0.0058593278095929735,-0.08742032049854365,-0.01887786188357521,0.06854245861496844,0.8309704841259344,True,1.0,0
fixed_consistency_boundary_anomaly_suppression,delta_fixed_minus_quality,ascending,PatchCore,VisA,inspection_binary,crop_topk_ensemble,pipe_fryum,datasets/VisA_anomalib_1cls/pipe_fryum/test/anomaly/pipe_fryum_test_anomaly_090.JPG,1,1.0,0.1231146965976833,0.1768720253403828,0.0691359625580115,0.12311469659768326,0.1231146965976833,0.00018534589037666984,0.5615573482988416,0.5826249855439188,0.49659585989398497,0.5640014211625737,0.02106763724507721,-0.08602912564993387,-0.01862356438134516,0.06740556126858871,0.8768853034023167,True,1.0,0
fixed_consistency_boundary_anomaly_suppression,delta_fixed_minus_quality,ascending,PatchCore,VisA,inspection_binary,crop_topk_ensemble,pcb4,datasets/VisA_anomalib_1cls/pcb4/test/anomaly/pcb4_test_anomaly_039.JPG,1,0.8509813279896002,0.0,0.1759052889403267,0.0634060537013283,0.14901867201039976,0.0,0.0,0.4254906639948001,0.46008318357110706,0.37926103419018514,0.4453688191632874,0.034592519576306935,-0.08082214938092191,-0.014714364407819647,0.06610778497310227,0.8509813279896002,True,1.0,0
fixed_consistency_boundary_anomaly_suppression,delta_fixed_minus_quality,ascending,PatchCore,VisA,inspection_binary,crop_topk_ensemble,macaroni2,datasets/VisA_anomalib_1cls/macaroni2/test/anomaly/macaroni2_test_anomaly_090.JPG,1,1.0,0.0980080398392095,0.3428507102369917,0.0538068078561667,0.09800803983920947,0.0980080398392095,0.00017720080402248666,0.5490040199196048,0.5789508759471296,0.5019763689603284,0.5604443805360391,0.029946856027524782,-0.0769745069868012,-0.018506495411090507,0.05846801157571069,0.9019919601607905,True,1.0,0
quality_helps_normal_suppression,delta_quality_minus_naive,ascending,PatchCore,VisA,inspection_binary,crop_topk_ensemble,pcb1,datasets/VisA_anomalib_1cls/pcb1/test/good/pcb1_test_normal_0490.JPG,0,0.232395374039841,0.8523607494372532,0.0,0.2061224430854879,0.38003462460258786,0.232395374039841,0.0,0.5423780617385471,0.35362006357155623,0.4758850074380954,0.34231059897230504,-0.18875799816699085,0.12226494386653919,-0.011309464599251196,-0.13357440846579038,0.6199653753974121,False,0.0,1
quality_helps_normal_suppression,delta_quality_minus_naive,ascending,PatchCore,VisA,inspection_binary,crop_topk_ensemble,pcb1,datasets/VisA_anomalib_1cls/pcb1/test/good/pcb1_test_normal_1000.JPG,0,0.0901909434424122,0.7840485280487178,0.0,0.1338208917174007,0.30614241539369436,0.0901909434424122,0.0,0.437119735745565,0.256035089446827,0.37792638972547327,0.24784658410292967,-0.181084646298738,0.12189130027864625,-0.00818850534389734,-0.1300798056225436,0.6938575846063056,False,0.0,1
quality_helps_normal_suppression,delta_quality_minus_naive,ascending,PatchCore,VisA,inspection_binary,crop_topk_ensemble,pcb1,datasets/VisA_anomalib_1cls/pcb1/test/good/pcb1_test_normal_0923.JPG,0,0.1132745566768815,0.775248819349424,0.0,0.1501718846569868,0.33802573732745744,0.1132745566768815,0.0,0.44426168801315274,0.26637330974244544,0.3857991997839808,0.2578541677958857,-0.1778883782707073,0.11942589004153537,-0.008519141946559727,-0.1279450319880951,0.6619742626725426,False,0.0,1
quality_helps_normal_suppression,delta_quality_minus_naive,ascending,PatchCore,VisA,inspection_binary,crop_topk_ensemble,pcb1,datasets/VisA_anomalib_1cls/pcb1/test/good/pcb1_test_normal_0208.JPG,0,0.1517582355228625,0.7707606920598429,0.0,0.1757387226035751,0.3809975434630196,0.1517582355228625,0.0,0.4612594637913527,0.28642565186952657,0.4031063652826254,0.27726519661306065,-0.17483381192182612,0.11668071341309882,-0.009160455256465916,-0.12584116866956474,0.6190024565369804,False,0.0,1
quality_helps_normal_suppression,delta_quality_minus_naive,ascending,PatchCore,VisA,inspection_binary,crop_topk_ensemble,pcb1,datasets/VisA_anomalib_1cls/pcb1/test/good/pcb1_test_normal_0952.JPG,0,0.0538881501891656,0.7417023436465471,0.0,0.1241860299978711,0.3121858065426185,0.0538881501891656,0.0,0.39779524691785634,0.22423215465326635,0.34319071137208457,0.21706076966608,-0.17356309226459,0.11895855671881822,-0.0071713849871863355,-0.12612994170600456,0.6878141934573815,False,0.0,1
quality_boundary_normal_boost,delta_quality_minus_naive,descending,PatchCore,VisA,inspection_binary,crop_topk_ensemble,macaroni2,datasets/VisA_anomalib_1cls/macaroni2/test/good/macaroni2_test_normal_0159.JPG,0,0.5916501286603526,0.0269754604907945,0.0,0.1346516949380129,0.43532533183044186,0.0269754604907945,0.0,0.30931279457557354,0.3240514590505907,0.26847709955229926,0.31368765653482433,0.01473866447501715,-0.055574359498291426,-0.010363802515766352,0.045210556982525074,0.5646746681695581,False,0.0,1
quality_boundary_normal_boost,delta_quality_minus_naive,descending,PatchCore,VisA,inspection_binary,crop_topk_ensemble,pcb2,datasets/VisA_anomalib_1cls/pcb2/test/good/pcb2_test_normal_0011.JPG,0,0.844451638543362,0.1111599205104074,0.0,0.1274347585715403,0.26670828196704544,0.1111599205104074,0.0,0.47780577952688474,0.48722400187800363,0.41211263273740323,0.4716416207611308,0.009418222351118888,-0.0751113691406004,-0.015582381116872823,0.05952898802372758,0.7332917180329546,False,0.0,1
quality_boundary_normal_boost,delta_quality_minus_naive,descending,PatchCore,VisA,inspection_binary,crop_topk_ensemble,pcb2,datasets/VisA_anomalib_1cls/pcb2/test/good/pcb2_test_normal_0024.JPG,0,1.0,0.1544503713000756,0.0,0.0891526442474034,0.15445037130007555,0.1544503713000756,0.0,0.5772251856500378,0.5852699222484181,0.49321982902753686,0.566551839909361,0.008044736598380342,-0.09205009322088126,-0.01871808233905714,0.07333201088182412,0.8455496286999244,False,0.0,1
quality_boundary_normal_boost,delta_quality_minus_naive,descending,PatchCore,VisA,inspection_binary,crop_topk_ensemble,macaroni2,datasets/VisA_anomalib_1cls/macaroni2/test/good/macaroni2_test_normal_0674.JPG,0,0.6285370464417752,0.0725025499490058,0.0,0.1556186986950694,0.44396550350723063,0.0725025499490058,0.0,0.35051979819539053,0.35705764511683913,0.30604024878627134,0.3456382399039226,0.006537846921448598,-0.05101739633056779,-0.011419405212916511,0.03959799111765128,0.5560344964927694,False,0.0,1
quality_boundary_normal_boost,delta_quality_minus_naive,descending,PatchCore,VisA,inspection_binary,crop_topk_ensemble,candle,datasets/VisA_anomalib_1cls/candle/test/good/candle_test_normal_0730.JPG,0,0.2795670689845094,0.0,0.0,0.1007046614619599,0.7204329310154907,0.0,0.0,0.1397835344922547,0.1439044892265206,0.1195434135695357,0.13930214084689782,0.004120954734265908,-0.024361075656984907,-0.004602348379622784,0.019758727277362123,0.2795670689845094,False,0.0,1
fixed_consistency_boundary_normal_boost,delta_fixed_minus_quality,descending,PatchCore,VisA,inspection_binary,crop_topk_ensemble,pcb1,datasets/VisA_anomalib_1cls/pcb1/test/good/pcb1_test_normal_0490.JPG,0,0.232395374039841,0.8523607494372532,0.0,0.2061224430854879,0.38003462460258786,0.232395374039841,0.0,0.5423780617385471,0.35362006357155623,0.4758850074380954,0.34231059897230504,-0.18875799816699085,0.12226494386653919,-0.011309464599251196,-0.13357440846579038,0.6199653753974121,False,0.0,1
fixed_consistency_boundary_normal_boost,delta_fixed_minus_quality,descending,PatchCore,VisA,inspection_binary,crop_topk_ensemble,pcb1,datasets/VisA_anomalib_1cls/pcb1/test/good/pcb1_test_normal_1000.JPG,0,0.0901909434424122,0.7840485280487178,0.0,0.1338208917174007,0.30614241539369436,0.0901909434424122,0.0,0.437119735745565,0.256035089446827,0.37792638972547327,0.24784658410292967,-0.181084646298738,0.12189130027864625,-0.00818850534389734,-0.1300798056225436,0.6938575846063056,False,0.0,1
fixed_consistency_boundary_normal_boost,delta_fixed_minus_quality,descending,PatchCore,VisA,inspection_binary,crop_topk_ensemble,pcb1,datasets/VisA_anomalib_1cls/pcb1/test/good/pcb1_test_normal_0923.JPG,0,0.1132745566768815,0.775248819349424,0.0,0.1501718846569868,0.33802573732745744,0.1132745566768815,0.0,0.44426168801315274,0.26637330974244544,0.3857991997839808,0.2578541677958857,-0.1778883782707073,0.11942589004153537,-0.008519141946559727,-0.1279450319880951,0.6619742626725426,False,0.0,1
fixed_consistency_boundary_normal_boost,delta_fixed_minus_quality,descending,PatchCore,VisA,inspection_binary,crop_topk_ensemble,pcb1,datasets/VisA_anomalib_1cls/pcb1/test/good/pcb1_test_normal_0952.JPG,0,0.0538881501891656,0.7417023436465471,0.0,0.1241860299978711,0.3121858065426185,0.0538881501891656,0.0,0.39779524691785634,0.22423215465326635,0.34319071137208457,0.21706076966608,-0.17356309226459,0.11895855671881822,-0.0071713849871863355,-0.12612994170600456,0.6878141934573815,False,0.0,1
fixed_consistency_boundary_normal_boost,delta_fixed_minus_quality,descending,PatchCore,VisA,inspection_binary,crop_topk_ensemble,pcb1,datasets/VisA_anomalib_1cls/pcb1/test/good/pcb1_test_normal_0187.JPG,0,0.0,0.7063242044401197,0.0,0.1037151613310758,0.2936757955598803,0.0,0.0,0.35316210222005984,0.18462657683976563,0.3027443037719839,0.17872185606752997,-0.1685355253802942,0.11811772693221828,-0.0059047207722356665,-0.12402244770445395,0.7063242044401197,False,0.0,1
adaptive_refinement_high_gate,adaptive_gate,descending,PatchCore,VisA,inspection_binary,crop_topk_ensemble,chewinggum,datasets/VisA_anomalib_1cls/chewinggum/test/anomaly/chewinggum_test_anomaly_002.JPG,1,1.0,0.9213820582200956,0.7945791817956023,0.8851634777149976,0.9213820582200956,0.9213820582200956,0.5970905130429659,0.9606910291100478,1.0,0.9922773107631648,1.0,0.03930897088995222,-0.007722689236835167,0.0,0.007722689236835167,0.07861794177990444,True,1.0,0
adaptive_refinement_high_gate,adaptive_gate,descending,PatchCore,VisA,inspection_binary,crop_topk_ensemble,candle,datasets/VisA_anomalib_1cls/candle/test/anomaly/candle_test_anomaly_076.JPG,1,0.7549823771696242,0.8136198052189377,0.8771196660290719,0.7383116923903782,0.9413625719506865,0.7549823771696242,0.460248451694796,0.7843010911942809,0.8295016653742103,0.834210605728184,0.8276248644550338,0.0452005741799294,0.004708940353973623,-0.0018768009191765245,-0.0065857412731501475,0.05863742804931349,True,1.0,0
adaptive_refinement_high_gate,adaptive_gate,descending,PatchCore,VisA,inspection_binary,crop_topk_ensemble,pcb3,datasets/VisA_anomalib_1cls/pcb3/test/anomaly/pcb3_test_anomaly_018.JPG,1,1.0,1.0,0.43735624136088,1.0,1.0,1.0,0.43735624136088,1.0,0.9402028772547237,1.0,0.9335594583219989,-0.059797122745276265,0.059797122745276265,-0.006643418932724798,-0.06644054167800106,0.0,True,1.0,0
adaptive_refinement_high_gate,adaptive_gate,descending,PatchCore,VisA,inspection_binary,crop_topk_ensemble,pcb1,datasets/VisA_anomalib_1cls/pcb1/test/anomaly/pcb1_test_anomaly_040.JPG,1,1.0,0.8679078209824755,0.6943309381538376,0.8105859033525121,0.8679078209824755,0.8679078209824755,0.42394817274926694,0.9339539104912378,0.9493789217947838,0.9506324387971887,0.9417238584071372,0.01542501130354601,0.001253517002404947,-0.0076550633876465435,-0.00890858039005149,0.13209217901752446,True,1.0,0
adaptive_refinement_high_gate,adaptive_gate,descending,PatchCore,VisA,inspection_binary,crop_topk_ensemble,candle,datasets/VisA_anomalib_1cls/candle/test/anomaly/candle_test_anomaly_074.JPG,1,0.980243569424928,1.0,0.4355420676082827,0.9705605124119256,0.980243569424928,0.980243569424928,0.40618205290909287,0.9901217847124639,0.9287692039338716,0.9881854853828272,0.9208216729677946,-0.06135258077859229,0.05941628144895561,-0.007947530966077032,-0.06736381241503264,0.019756430575072037,True,1.0,0
detector_vlm_disagreement_boundary,detector_vlm_disagreement,descending,PatchCore,VisA,inspection_binary,crop_topk_ensemble,pipe_fryum,datasets/VisA_anomalib_1cls/pipe_fryum/test/anomaly/pipe_fryum_test_anomaly_098.JPG,1,1.0,0.0,0.5511860559009366,0.0,0.0,0.0,0.0,0.5,0.5425391748360933,0.47653199381258177,0.5251877057776242,0.04253917483609326,-0.0660071810235115,-0.01735146905846907,0.048655711965042425,1.0,True,1.0,0
detector_vlm_disagreement_boundary,detector_vlm_disagreement,descending,PatchCore,VisA,inspection_binary,crop_topk_ensemble,pcb3,datasets/VisA_anomalib_1cls/pcb3/test/anomaly/pcb3_test_anomaly_013.JPG,1,1.0,0.0569924284486995,0.7427058871692339,0.0301202826745898,0.05699242844869945,0.0569924284486995,7.266248312446455e-05,0.5284962142243498,0.5700176603981438,0.5246998535380735,0.5517912673895181,0.04152144617379405,-0.045317806860070364,-0.01822639300862572,0.027091413851444646,0.9430075715513005,True,1.0,0
detector_vlm_disagreement_boundary,detector_vlm_disagreement,descending,PatchCore,VisA,inspection_binary,crop_topk_ensemble,candle,datasets/VisA_anomalib_1cls/candle/test/anomaly/candle_test_anomaly_064.JPG,1,1.0,0.0584436101405102,0.5003874608776584,0.0309296328533831,0.05844361014051025,0.0584436101405102,5.286341960276617e-05,0.5292218050702551,0.5667992417031648,0.49944823905915664,0.5486747195520899,0.03757743663290969,-0.06735100264400812,-0.01812452215107485,0.04922648049293327,0.9415563898594898,True,1.0,0
detector_vlm_disagreement_boundary,detector_vlm_disagreement,descending,PatchCore,VisA,inspection_binary,crop_topk_ensemble,macaroni2,datasets/VisA_anomalib_1cls/macaroni2/test/anomaly/macaroni2_test_anomaly_042.JPG,1,0.9882408996788528,0.05521089578209,0.554325398735771,0.0349399813379676,0.06696999610323728,0.05521089578209,7.161310659219836e-05,0.5217258977304714,0.5597746051206407,0.4992319413446125,0.5418757489426053,0.0380487073901693,-0.06054266377602818,-0.01789885617803544,0.042643807597992744,0.9330300038967627,True,1.0,0
detector_vlm_disagreement_boundary,detector_vlm_disagreement,descending,PatchCore,VisA,inspection_binary,crop_topk_ensemble,macaroni2,datasets/VisA_anomalib_1cls/macaroni2/test/anomaly/macaroni2_test_anomaly_090.JPG,1,1.0,0.0980080398392095,0.3428507102369917,0.0538068078561667,0.09800803983920947,0.0980080398392095,0.00017720080402248666,0.5490040199196048,0.5789508759471296,0.5019763689603284,0.5604443805360391,0.029946856027524782,-0.0769745069868012,-0.018506495411090507,0.05846801157571069,0.9019919601607905,True,1.0,0
