heldout_category,w_max,q_quantile,q_threshold_from_dev,tau_delta,dev_macro_auroc,dev_detector_macro_auroc,dev_delta_vs_detector,eligible_noninferior,dev_potential_call_rate,dev_active_weight_rate,valid_dev_groups,detector_dev_groups,dev_rank
candle,0.15,0.25,0.24434642685153096,0.25,0.9076053105310532,0.9073648514851486,0.00024045904590463962,True,0.42048929663608564,0.19571865443425077,11,11,25.0
candle,0.15,0.25,0.24434642685153096,0.5,0.9088215121512152,0.9073648514851486,0.0014566606660666448,True,0.42048929663608564,0.34964322120285424,11,11,15.0
candle,0.15,0.25,0.24434642685153096,0.75,0.9105082208220822,0.9073648514851486,0.003143369336933599,True,0.42048929663608564,0.41182466870540263,11,11,5.0
candle,0.15,0.5,0.3714932591883957,0.25,0.9075645814581459,0.9073648514851486,0.0001997299729973312,True,0.2803261977573904,0.12436289500509684,11,11,26.0
candle,0.15,0.5,0.3714932591883957,0.5,0.9084785628562856,0.9073648514851486,0.0011137113711370272,True,0.2803261977573904,0.23037716615698267,11,11,17.0
candle,0.15,0.5,0.3714932591883957,0.75,0.9096339033903391,0.9073648514851486,0.0022690519051905556,True,0.2803261977573904,0.2742099898063201,11,11,9.0
candle,0.15,0.75,0.5192839781697434,0.25,0.9075013051305131,0.9073648514851486,0.00013645364536452043,True,0.1401630988786952,0.0581039755351682,11,11,27.0
candle,0.15,0.75,0.5192839781697434,0.5,0.9081837383738375,0.9073648514851486,0.0008188868886889189,True,0.1401630988786952,0.11213047910295616,11,11,18.0
candle,0.15,0.75,0.5192839781697434,0.75,0.9088379237923793,0.9073648514851486,0.001473072307230705,True,0.1401630988786952,0.13506625891946994,11,11,14.0
candle,0.25,0.25,0.24434642685153096,0.25,0.9078682268226822,0.9073648514851486,0.0005033753375336403,True,0.42048929663608564,0.19571865443425077,11,11,20.0
candle,0.25,0.25,0.24434642685153096,0.5,0.9095622262226223,0.9073648514851486,0.002197374737473723,True,0.42048929663608564,0.34964322120285424,11,11,10.0
candle,0.25,0.25,0.24434642685153096,0.75,0.9123334233423342,0.9073648514851486,0.0049685718571856885,True,0.42048929663608564,0.41182466870540263,11,11,2.0
candle,0.25,0.5,0.3714932591883957,0.25,0.9077733123312334,0.9073648514851486,0.0004084608460848127,True,0.2803261977573904,0.12436289500509684,11,11,22.0
candle,0.25,0.5,0.3714932591883957,0.5,0.9089989648964898,0.9073648514851486,0.0016341134113412314,True,0.2803261977573904,0.23037716615698267,11,11,12.0
candle,0.25,0.5,0.3714932591883957,0.75,0.9108724872487248,0.9073648514851486,0.0035076357635762667,True,0.2803261977573904,0.2742099898063201,11,11,4.0
candle,0.25,0.75,0.5192839781697434,0.25,0.907637488748875,0.9073648514851486,0.0002726372637263941,True,0.1401630988786952,0.0581039755351682,11,11,24.0
candle,0.25,0.75,0.5192839781697434,0.5,0.9085136813681369,0.9073648514851486,0.001148829882988367,True,0.1401630988786952,0.11213047910295616,11,11,16.0
candle,0.25,0.75,0.5192839781697434,0.75,0.9096375637563757,0.9073648514851486,0.002272712271227162,True,0.1401630988786952,0.13506625891946994,11,11,8.0
candle,0.35,0.25,0.24434642685153096,0.25,0.9079648364836485,0.9073648514851486,0.0005999849984998917,True,0.42048929663608564,0.19571865443425077,11,11,19.0
candle,0.35,0.25,0.24434642685153096,0.5,0.91037299729973,0.9073648514851486,0.00300814581458142,True,0.42048929663608564,0.34964322120285424,11,11,7.0
candle,0.35,0.25,0.24434642685153096,0.75,0.9142950795079507,0.9073648514851486,0.006930228022802187,True,0.42048929663608564,0.41182466870540263,11,11,1.0
candle,0.35,0.5,0.3714932591883957,0.25,0.9078429192919294,0.9073648514851486,0.00047806780678083527,True,0.2803261977573904,0.12436289500509684,11,11,21.0
candle,0.35,0.5,0.3714932591883957,0.5,0.9095075157515751,0.9073648514851486,0.0021426642664265083,True,0.2803261977573904,0.23037716615698267,11,11,11.0
candle,0.35,0.5,0.3714932591883957,0.75,0.912268286828683,0.9073648514851486,0.004903435343534435,True,0.2803261977573904,0.2742099898063201,11,11,3.0
candle,0.35,0.75,0.5192839781697434,0.25,0.9076890039003902,0.9073648514851486,0.00032415241524164085,True,0.1401630988786952,0.0581039755351682,11,11,23.0
candle,0.35,0.75,0.5192839781697434,0.5,0.9088465646564656,0.9073648514851486,0.0014817131713170673,True,0.1401630988786952,0.11213047910295616,11,11,13.0
candle,0.35,0.75,0.5192839781697434,0.75,0.9104067206720674,0.9073648514851486,0.003041869186918844,True,0.1401630988786952,0.13506625891946994,11,11,6.0
capsules,0.15,0.25,0.24140247926151412,0.25,0.9334325832583258,0.9332284878487851,0.00020409540954069438,True,0.41208791208791207,0.2002997002997003,11,11,25.0
capsules,0.15,0.25,0.24140247926151412,0.5,0.934480603060306,0.9332284878487851,0.00125211521152091,True,0.41208791208791207,0.34615384615384615,11,11,15.0
capsules,0.15,0.25,0.24140247926151412,0.75,0.9355885238523851,0.9332284878487851,0.002360036003600019,True,0.41208791208791207,0.4025974025974026,11,11,7.0
capsules,0.15,0.5,0.36708476681709823,0.25,0.9333918541854186,0.9332284878487851,0.00016336633663349698,True,0.27472527472527475,0.12837162837162838,11,11,26.0
capsules,0.15,0.5,0.36708476681709823,0.5,0.9342088658865887,0.9332284878487851,0.0009803780378035976,True,0.27472527472527475,0.22877122877122877,11,11,17.0
capsules,0.15,0.5,0.36708476681709823,0.75,0.9349308730873088,0.9332284878487851,0.0017023852385237292,True,0.27472527472527475,0.2677322677322677,11,11,11.0
capsules,0.15,0.75,0.5098187592072171,0.25,0.9333285778577859,0.9332284878487851,0.00010009000900079723,True,0.13736263736263737,0.058941058941058944,11,11,27.0
capsules,0.15,0.75,0.5098187592072171,0.5,0.9339958595859588,0.9332284878487851,0.0007673717371736721,True,0.13736263736263737,0.11238761238761238,11,11,18.0
capsules,0.15,0.75,0.5098187592072171,0.75,0.9345136813681368,0.9332284878487851,0.001285193519351746,True,0.13736263736263737,0.13286713286713286,11,11,14.0
capsules,0.25,0.25,0.24140247926151412,0.25,0.9337045904590459,0.9332284878487851,0.0004761026102607646,True,0.41208791208791207,0.2002997002997003,11,11,20.0
capsules,0.25,0.25,0.24140247926151412,0.5,0.9350698019801981,0.9332284878487851,0.0018413141314129744,True,0.41208791208791207,0.34615384615384615,11,11,9.0
capsules,0.25,0.25,0.24140247926151412,0.75,0.9371046354635464,0.9332284878487851,0.003876147614761294,True,0.41208791208791207,0.4025974025974026,11,11,2.0
capsules,0.25,0.5,0.36708476681709823,0.25,0.933600585058506,0.9332284878487851,0.00037209720972086746,True,0.27472527472527475,0.12837162837162838,11,11,22.0
capsules,0.25,0.5,0.36708476681709823,0.5,0.9345989648964896,0.9332284878487851,0.0013704770477045436,True,0.27472527472527475,0.22877122877122877,11,11,12.0
capsules,0.25,0.5,0.36708476681709823,0.75,0.9359209720972096,0.9332284878487851,0.002692484248424498,True,0.27472527472527475,0.2677322677322677,11,11,5.0
capsules,0.25,0.75,0.5098187592072171,0.25,0.9334647614761477,0.9332284878487851,0.00023627362736255986,True,0.13736263736263737,0.058941058941058944,11,11,24.0
capsules,0.25,0.75,0.5098187592072171,0.5,0.9342773177317732,0.9332284878487851,0.001048829882988156,True,0.13736263736263737,0.11238761238761238,11,11,16.0
capsules,0.25,0.75,0.5098187592072171,0.75,0.9352042304230423,0.9332284878487851,0.0019757425742572554,True,0.13736263736263737,0.13286713286713286,11,11,8.0
capsules,0.35,0.25,0.24140247926151412,0.25,0.9337951395139515,0.9332284878487851,0.000566651665166451,True,0.41208791208791207,0.2002997002997003,11,11,19.0
capsules,0.35,0.25,0.24140247926151412,0.5,0.9357139063906391,0.9332284878487851,0.002485418541854023,True,0.41208791208791207,0.34615384615384615,11,11,6.0
capsules,0.35,0.25,0.24140247926151412,0.75,0.93863901890189,0.9332284878487851,0.005410531053104961,True,0.41208791208791207,0.4025974025974026,11,11,1.0
capsules,0.35,0.5,0.36708476681709823,0.25,0.9336641314131415,0.9332284878487851,0.00043564356435643603,True,0.27472527472527475,0.12837162837162838,11,11,21.0
capsules,0.35,0.5,0.36708476681709823,0.5,0.9350166066606662,0.9332284878487851,0.001788118811881123,True,0.27472527472527475,0.22877122877122877,11,11,10.0
capsules,0.35,0.5,0.36708476681709823,0.75,0.9370470747074708,0.9332284878487851,0.0038185868586857463,True,0.27472527472527475,0.2677322677322677,11,11,3.0
capsules,0.35,0.75,0.5098187592072171,0.25,0.9335011251125114,0.9332284878487851,0.00027263726372628305,True,0.13736263736263737,0.058941058941058944,11,11,23.0
capsules,0.35,0.75,0.5098187592072171,0.5,0.9345859585958596,0.9332284878487851,0.0013574707470744851,True,0.13736263736263737,0.11238761238761238,11,11,13.0
capsules,0.35,0.75,0.5098187592072171,0.75,0.9359491449144915,0.9332284878487851,0.0027206570657064555,True,0.13736263736263737,0.13286713286713286,11,11,4.0
cashew,0.15,0.25,0.26254248173960815,0.25,0.9092507650765076,0.9090012151215123,0.0002495499549952651,True,0.4100397614314115,0.19433399602385687,11,11,25.0
cashew,0.15,0.25,0.26254248173960815,0.5,0.910503510351035,0.9090012151215123,0.001502295229522721,True,0.4100397614314115,0.3389662027833002,11,11,13.0
cashew,0.15,0.25,0.26254248173960815,0.75,0.9120841584158416,0.9090012151215123,0.0030829432943292323,True,0.4100397614314115,0.4000994035785288,11,11,5.0
cashew,0.15,0.5,0.38785997387000226,0.25,0.9092191269126914,0.9090012151215123,0.00021791179117902626,True,0.27335984095427435,0.12375745526838966,11,11,26.0
cashew,0.15,0.5,0.38785997387000226,0.5,0.9101255325532552,0.9090012151215123,0.001124317431742905,True,0.27335984095427435,0.22514910536779323,11,11,17.0
cashew,0.15,0.5,0.38785997387000226,0.75,0.9112626912691272,0.9090012151215123,0.0022614761476148493,True,0.27335984095427435,0.2664015904572565,11,11,9.0
cashew,0.15,0.75,0.5255408206919787,0.25,0.9091376687668767,0.9090012151215123,0.0001364536453644094,True,0.13667992047713717,0.05815109343936382,11,11,27.0
cashew,0.15,0.75,0.5255408206919787,0.5,0.9098291929192921,0.9090012151215123,0.0008279777977797664,True,0.13667992047713717,0.11083499005964215,11,11,18.0
cashew,0.15,0.75,0.5255408206919787,0.75,0.9104924692469247,0.9090012151215123,0.0014912541254124,True,0.13667992047713717,0.13220675944333996,11,11,14.0
cashew,0.25,0.25,0.26254248173960815,0.25,0.9095137713771378,0.9090012151215123,0.0005125562556255181,True,0.4100397614314115,0.19433399602385687,11,11,20.0
cashew,0.25,0.25,0.26254248173960815,0.5,0.9112805880588059,0.9090012151215123,0.0022793729372935223,True,0.4100397614314115,0.3389662027833002,11,11,8.0
cashew,0.25,0.25,0.26254248173960815,0.75,0.9137670267026703,0.9090012151215123,0.004765811581157964,True,0.4100397614314115,0.4000994035785288,11,11,3.0
cashew,0.25,0.5,0.38785997387000226,0.25,0.9094278577857786,0.9090012151215123,0.0004266426642662857,True,0.27335984095427435,0.12375745526838966,11,11,22.0
cashew,0.25,0.5,0.38785997387000226,0.5,0.910661086108611,0.9090012151215123,0.0016598709870986328,True,0.27335984095427435,0.22514910536779323,11,11,12.0
cashew,0.25,0.5,0.38785997387000226,0.75,0.9124678517851786,0.9090012151215123,0.0034666366636663115,True,0.27335984095427435,0.2664015904572565,11,11,4.0
cashew,0.25,0.75,0.5255408206919787,0.25,0.9092738523852386,0.9090012151215123,0.00027263726372628305,True,0.13667992047713717,0.05815109343936382,11,11,24.0
cashew,0.25,0.75,0.5255408206919787,0.5,0.9101530753075306,0.9090012151215123,0.0011518601860183164,True,0.13667992047713717,0.11083499005964215,11,11,16.0
cashew,0.25,0.75,0.5255408206919787,0.75,0.9112496849684969,0.9090012151215123,0.0022484698469845688,True,0.13667992047713717,0.13220675944333996,11,11,10.0
cashew,0.35,0.25,0.26254248173960815,0.25,0.9096195619561956,0.9090012151215123,0.0006183468346833143,True,0.4100397614314115,0.19433399602385687,11,11,19.0
cashew,0.35,0.25,0.26254248173960815,0.5,0.9120582058205821,0.9090012151215123,0.003056990699069728,True,0.4100397614314115,0.3389662027833002,11,11,6.0
cashew,0.35,0.25,0.26254248173960815,0.75,0.9155711971197118,0.9090012151215123,0.00656998199819947,True,0.4100397614314115,0.4000994035785288,11,11,1.0
cashew,0.35,0.5,0.38785997387000226,0.25,0.9095065556555657,0.9090012151215123,0.0005053405340533779,True,0.27335984095427435,0.12375745526838966,11,11,21.0
cashew,0.35,0.5,0.38785997387000226,0.5,0.9111998499849986,0.9090012151215123,0.0021986348634862596,True,0.27335984095427435,0.22514910536779323,11,11,11.0
cashew,0.35,0.5,0.38785997387000226,0.75,0.9137939543954396,0.9090012151215123,0.004792739273927316,True,0.27335984095427435,0.2664015904572565,11,11,2.0
cashew,0.35,0.75,0.5255408206919787,0.25,0.9093253675367537,0.9090012151215123,0.0003241524152414188,True,0.13667992047713717,0.05815109343936382,11,11,23.0
cashew,0.35,0.75,0.5255408206919787,0.5,0.91048898889889,0.9090012151215123,0.0014877737773776323,True,0.13667992047713717,0.11083499005964215,11,11,15.0
cashew,0.35,0.75,0.5255408206919787,0.75,0.9120218721872189,0.9090012151215123,0.0030206570657065335,True,0.13667992047713717,0.13220675944333996,11,11,7.0
chewinggum,0.15,0.25,0.2361108740578542,0.25,0.906905310531053,0.9066557605760576,0.00024954995499548716,True,0.4100397614314115,0.18886679920477137,11,11,25.0
chewinggum,0.15,0.25,0.2361108740578542,0.5,0.9082169666966696,0.9066557605760576,0.0015612061206120575,True,0.4100397614314115,0.33548707753479123,11,11,15.0
chewinggum,0.15,0.25,0.2361108740578542,0.75,0.9098824632463246,0.9066557605760576,0.0032267026702670343,True,0.4100397614314115,0.3991053677932406,11,11,6.0
chewinggum,0.15,0.5,0.3538766700095623,0.25,0.9069009450945096,0.9066557605760576,0.00024518451845201295,True,0.27335984095427435,0.12027833001988071,11,11,26.0
chewinggum,0.15,0.5,0.3538766700095623,0.5,0.9079162616261627,0.9066557605760576,0.0012605010501051117,True,0.27335984095427435,0.2201789264413519,11,11,17.0
chewinggum,0.15,0.5,0.3538766700095623,0.75,0.9091108160816082,0.9066557605760576,0.002455055505550585,True,0.27335984095427435,0.2654075546719682,11,11,10.0
chewinggum,0.15,0.75,0.48792058022238055,0.25,0.9068103960396041,0.9066557605760576,0.00015463546354654856,True,0.13667992047713717,0.055168986083499,11,11,27.0
chewinggum,0.15,0.75,0.48792058022238055,0.5,0.9076110111011101,0.9066557605760576,0.0009552505250525201,True,0.13667992047713717,0.10536779324055666,11,11,18.0
chewinggum,0.15,0.75,0.48792058022238055,0.75,0.9083696519651966,0.9066557605760576,0.0017138913891390217,True,0.13667992047713717,0.1312127236580517,11,11,13.0
chewinggum,0.25,0.25,0.2361108740578542,0.25,0.9071773177317731,0.9066557605760576,0.0005215571557155574,True,0.4100397614314115,0.18886679920477137,11,11,21.0
chewinggum,0.25,0.25,0.2361108740578542,0.5,0.9090304080408041,0.9066557605760576,0.002374647464746582,True,0.4100397614314115,0.33548707753479123,11,11,11.0
chewinggum,0.25,0.25,0.2361108740578542,0.75,0.9117440294029403,0.9066557605760576,0.005088268826882736,True,0.4100397614314115,0.3991053677932406,11,11,3.0
chewinggum,0.25,0.5,0.3538766700095623,0.25,0.9071096759675968,0.9066557605760576,0.0004539153915392724,True,0.27335984095427435,0.12027833001988071,11,11,22.0
chewinggum,0.25,0.5,0.3538766700095623,0.5,0.9085362136213623,0.9066557605760576,0.0018804530453047086,True,0.27335984095427435,0.2201789264413519,11,11,12.0
chewinggum,0.25,0.5,0.3538766700095623,0.75,0.9104397689768977,0.9066557605760576,0.0037840084008401442,True,0.27335984095427435,0.2654075546719682,11,11,4.0
chewinggum,0.25,0.75,0.48792058022238055,0.25,0.9069647614761478,0.9066557605760576,0.0003090009000902283,True,0.13667992047713717,0.055168986083499,11,11,24.0
chewinggum,0.25,0.75,0.48792058022238055,0.5,0.907995499549955,0.9066557605760576,0.0013397389738973864,True,0.13667992047713717,0.10536779324055666,11,11,16.0
chewinggum,0.25,0.75,0.48792058022238055,0.75,0.909278292829283,0.9066557605760576,0.002622532253225396,True,0.13667992047713717,0.1312127236580517,11,11,8.0
chewinggum,0.35,0.25,0.2361108740578542,0.25,0.9072921092109212,0.9066557605760576,0.0006363486348636149,True,0.4100397614314115,0.18886679920477137,11,11,19.0
chewinggum,0.35,0.25,0.2361108740578542,0.5,0.9098684518451846,0.9066557605760576,0.0032126912691270437,True,0.4100397614314115,0.33548707753479123,11,11,7.0
chewinggum,0.35,0.25,0.2361108740578542,0.75,0.9137481998199818,0.9066557605760576,0.00709243924392422,True,0.4100397614314115,0.3991053677932406,11,11,1.0
chewinggum,0.35,0.5,0.3538766700095623,0.25,0.9071883738373838,0.9066557605760576,0.0005326132613262535,True,0.27335984095427435,0.12027833001988071,11,11,20.0
chewinggum,0.35,0.5,0.3538766700095623,0.5,0.9091263126312632,0.9066557605760576,0.0024705520552056326,True,0.27335984095427435,0.2201789264413519,11,11,9.0
chewinggum,0.35,0.5,0.3538766700095623,0.75,0.9119170267026703,0.9066557605760576,0.005261266126612707,True,0.27335984095427435,0.2654075546719682,11,11,2.0
chewinggum,0.35,0.75,0.48792058022238055,0.25,0.907007185718572,0.9066557605760576,0.0003514251425144055,True,0.13667992047713717,0.055168986083499,11,11,23.0
chewinggum,0.35,0.75,0.48792058022238055,0.5,0.9083556555655565,0.9066557605760576,0.0016998949894989623,True,0.13667992047713717,0.10536779324055666,11,11,14.0
chewinggum,0.35,0.75,0.48792058022238055,0.75,0.9101928142814283,0.9066557605760576,0.0035370537053707185,True,0.13667992047713717,0.1312127236580517,11,11,5.0
fryum,0.15,0.25,0.2408458987406098,0.25,0.910323492349235,0.9100557605760577,0.00026773177317729324,True,0.4100397614314115,0.19135188866799205,11,11,25.0
fryum,0.15,0.25,0.2408458987406098,0.5,0.9113806030603061,0.9100557605760577,0.0013248424842483564,True,0.4100397614314115,0.3389662027833002,11,11,15.0
fryum,0.15,0.25,0.2408458987406098,0.75,0.9129218571857186,0.9100557605760577,0.002866096609660862,True,0.4100397614314115,0.4000994035785288,11,11,6.0
fryum,0.15,0.5,0.36282104487271283,0.25,0.9102827632763276,0.9100557605760577,0.0002270027002698738,True,0.27335984095427435,0.11928429423459244,11,11,26.0
fryum,0.15,0.5,0.36282104487271283,0.5,0.9110692919291931,0.9100557605760577,0.0010135313531353107,True,0.27335984095427435,0.22266401590457258,11,11,16.0
fryum,0.15,0.5,0.36282104487271283,0.75,0.9121093909390939,0.9100557605760577,0.002053630363036185,True,0.27335984095427435,0.2659045725646123,11,11,10.0
fryum,0.15,0.75,0.505774756208204,0.25,0.9102103960396041,0.9100557605760577,0.0001546354635463265,True,0.13667992047713717,0.05616302186878728,11,11,27.0
fryum,0.15,0.75,0.505774756208204,0.5,0.9107655565556555,0.9100557605760577,0.0007097959795977493,True,0.13667992047713717,0.1073558648111332,11,11,18.0
fryum,0.15,0.75,0.505774756208204,0.75,0.9114061056105611,0.9100557605760577,0.0013503450345033752,True,0.13667992047713717,0.1317097415506958,11,11,13.0
fryum,0.25,0.25,0.2408458987406098,0.25,0.9105954995499551,0.9100557605760577,0.0005397389738973635,True,0.4100397614314115,0.19135188866799205,11,11,20.0
fryum,0.25,0.25,0.2408458987406098,0.5,0.9120758625862586,0.9100557605760577,0.0020201020102008638,True,0.4100397614314115,0.3389662027833002,11,11,11.0
fryum,0.25,0.25,0.2408458987406098,0.75,0.9145925142514252,0.9100557605760577,0.004536753675367433,True,0.4100397614314115,0.4000994035785288,11,11,3.0
fryum,0.25,0.5,0.36282104487271283,0.25,0.9104914941494151,0.9100557605760577,0.0004357335733573553,True,0.27335984095427435,0.11928429423459244,11,11,22.0
fryum,0.25,0.5,0.36282104487271283,0.5,0.9115893339333936,0.9100557605760577,0.0015335733573358379,True,0.27335984095427435,0.22266401590457258,11,11,12.0
fryum,0.25,0.5,0.36282104487271283,0.75,0.913274707470747,0.9100557605760577,0.0032189468946892674,True,0.27335984095427435,0.2659045725646123,11,11,4.0
fryum,0.25,0.75,0.505774756208204,0.25,0.9103556705670569,0.9100557605760577,0.0002999099909991587,True,0.13667992047713717,0.05616302186878728,11,11,24.0
fryum,0.25,0.75,0.505774756208204,0.5,0.9110409540954095,0.9100557605760577,0.0009851935193517791,True,0.13667992047713717,0.1073558648111332,11,11,17.0
fryum,0.25,0.75,0.505774756208204,0.75,0.9122148364836484,0.9100557605760577,0.0021590759075906796,True,0.13667992047713717,0.1317097415506958,11,11,8.0
fryum,0.35,0.25,0.2408458987406098,0.25,0.9107012001200122,0.9100557605760577,0.0006454395439544625,True,0.4100397614314115,0.19135188866799205,11,11,19.0
fryum,0.35,0.25,0.2408458987406098,0.5,0.9128957245724572,0.9100557605760577,0.0028399639963994083,True,0.4100397614314115,0.3389662027833002,11,11,7.0
fryum,0.35,0.25,0.2408458987406098,0.75,0.9164268976897688,0.9100557605760577,0.006371137113711067,True,0.4100397614314115,0.4000994035785288,11,11,1.0
fryum,0.35,0.5,0.36282104487271283,0.25,0.9105701920192019,0.9100557605760577,0.0005144314431441144,True,0.27335984095427435,0.11928429423459244,11,11,21.0
fryum,0.35,0.5,0.36282104487271283,0.5,0.9121612511251126,0.9100557605760577,0.002105490549054845,True,0.27335984095427435,0.22266401590457258,11,11,9.0
fryum,0.35,0.5,0.36282104487271283,0.75,0.9146066906690667,0.9100557605760577,0.004550930093008998,True,0.27335984095427435,0.2659045725646123,11,11,2.0
fryum,0.35,0.75,0.505774756208204,0.25,0.9104071857185719,0.9100557605760577,0.00035142514251418344,True,0.13667992047713717,0.05616302186878728,11,11,23.0
fryum,0.35,0.75,0.505774756208204,0.5,0.9113920192019201,0.9100557605760577,0.0013362586258623965,True,0.13667992047713717,0.1073558648111332,11,11,14.0
fryum,0.35,0.75,0.505774756208204,0.75,0.9130658115811582,0.9100557605760577,0.0030100510051004337,True,0.13667992047713717,0.1317097415506958,11,11,5.0
macaroni1,0.15,0.25,0.23828217850079597,0.25,0.9182962196219621,0.9180830333033305,0.00021318631863154192,True,0.42048929663608564,0.199796126401631,11,11,25.0
macaroni1,0.15,0.25,0.23828217850079597,0.5,0.9192169666966697,0.9180830333033305,0.001133933393339226,True,0.42048929663608564,0.3486238532110092,11,11,15.0
macaroni1,0.15,0.25,0.23828217850079597,0.75,0.9205824632463245,0.9180830333033305,0.0024994299429940137,True,0.42048929663608564,0.40978593272171254,11,11,5.0
macaroni1,0.15,0.5,0.358180933874212,0.25,0.9182554905490549,0.9180830333033305,0.0001724572457243445,True,0.2803261977573904,0.12691131498470948,11,11,26.0
macaroni1,0.15,0.5,0.358180933874212,0.5,0.9189602010201021,0.9180830333033305,0.0008771677167715985,True,0.2803261977573904,0.2308868501529052,11,11,17.0
macaroni1,0.15,0.5,0.358180933874212,0.75,0.919909300930093,0.9180830333033305,0.0018262676267625233,True,0.2803261977573904,0.273190621814475,11,11,10.0
macaroni1,0.15,0.75,0.5007901098356005,0.25,0.9182103960396041,0.9180830333033305,0.00012736273627356187,True,0.1401630988786952,0.060142711518858305,11,11,27.0
macaroni1,0.15,0.75,0.5007901098356005,0.5,0.9187382838283829,0.9180830333033305,0.0006552505250523311,True,0.1401630988786952,0.11009174311926606,11,11,18.0
macaroni1,0.15,0.75,0.5007901098356005,0.75,0.9192970147014702,0.9180830333033305,0.001213981398139663,True,0.1401630988786952,0.13557594291539246,11,11,14.0
macaroni1,0.25,0.25,0.23828217850079597,0.25,0.9184773177317733,0.9180830333033305,0.00039428442844280376,True,0.42048929663608564,0.199796126401631,11,11,20.0
macaroni1,0.25,0.25,0.23828217850079597,0.5,0.9198304080408041,0.9180830333033305,0.0017473747374735504,True,0.42048929663608564,0.3486238532110092,11,11,11.0
macaroni1,0.25,0.25,0.23828217850079597,0.75,0.9219803930393039,0.9180830333033305,0.0038973597359733825,True,0.42048929663608564,0.40978593272171254,11,11,2.0
macaroni1,0.25,0.5,0.358180933874212,0.25,0.9183733123312332,0.9180830333033305,0.00029027902790268456,True,0.2803261977573904,0.12691131498470948,11,11,22.0
macaroni1,0.25,0.5,0.358180933874212,0.5,0.919425607560756,0.9180830333033305,0.0013425742574254551,True,0.2803261977573904,0.2308868501529052,11,11,12.0
macaroni1,0.25,0.5,0.358180933874212,0.75,0.9208564356435643,0.9180830333033305,0.0027734023402338215,True,0.2803261977573904,0.273190621814475,11,11,4.0
macaroni1,0.25,0.75,0.5007901098356005,0.25,0.9183011251125113,0.9180830333033305,0.00021809180918075377,True,0.1401630988786952,0.060142711518858305,11,11,24.0
macaroni1,0.25,0.75,0.5007901098356005,0.5,0.9190136813681368,0.9180830333033305,0.0009306480648062498,True,0.1401630988786952,0.11009174311926606,11,11,16.0
macaroni1,0.25,0.75,0.5007901098356005,0.75,0.9199330183018302,0.9180830333033305,0.001849984998499643,True,0.1401630988786952,0.13557594291539246,11,11,8.0
macaroni1,0.35,0.25,0.23828217850079597,0.25,0.9185739273927392,0.9180830333033305,0.0004908940894087221,True,0.42048929663608564,0.199796126401631,11,11,19.0
macaroni1,0.35,0.25,0.23828217850079597,0.5,0.920513906390639,0.9180830333033305,0.002430873087308494,True,0.42048929663608564,0.3486238532110092,11,11,7.0
macaroni1,0.35,0.25,0.23828217850079597,0.75,0.9235208370837082,0.9180830333033305,0.005437803780377726,True,0.42048929663608564,0.40978593272171254,11,11,1.0
macaroni1,0.35,0.5,0.358180933874212,0.25,0.9184338283828383,0.9180830333033305,0.0003507950795077486,True,0.2803261977573904,0.12691131498470948,11,11,21.0
macaroni1,0.35,0.5,0.358180933874212,0.5,0.919924797479748,0.9180830333033305,0.0018417641764174597,True,0.2803261977573904,0.2308868501529052,11,11,9.0
macaroni1,0.35,0.5,0.358180933874212,0.75,0.9219427842784278,0.9180830333033305,0.003859750975097276,True,0.2803261977573904,0.273190621814475,11,11,3.0
macaroni1,0.35,0.75,0.5007901098356005,0.25,0.9183435493549357,0.9180830333033305,0.000260516051605153,True,0.1401630988786952,0.060142711518858305,11,11,23.0
macaroni1,0.35,0.75,0.5007901098356005,0.5,0.9193283828382839,0.9180830333033305,0.001245349534953366,True,0.1401630988786952,0.11009174311926606,11,11,13.0
macaroni1,0.35,0.75,0.5007901098356005,0.75,0.9205476297629764,0.9180830333033305,0.002464596459645918,True,0.1401630988786952,0.13557594291539246,11,11,6.0
macaroni2,0.15,0.25,0.2376558375792334,0.25,0.9322144014401441,0.9321012151215124,0.00011318631863166395,True,0.42048929663608564,0.19928644240570845,11,11,25.0
macaroni2,0.15,0.25,0.2376558375792334,0.5,0.9333851485148514,0.9321012151215124,0.0012839333933389874,True,0.42048929663608564,0.3527013251783894,11,11,15.0
macaroni2,0.15,0.25,0.2376558375792334,0.75,0.9352506450645065,0.9321012151215124,0.003149429942994053,True,0.42048929663608564,0.41182466870540263,11,11,6.0
macaroni2,0.15,0.5,0.35751856333087395,0.25,0.9322100360036004,0.9321012151215124,0.0001088208820879677,True,0.2803261977573904,0.127420998980632,11,11,26.0
macaroni2,0.15,0.5,0.35751856333087395,0.5,0.9331465646564658,0.9321012151215124,0.0010453495349533881,True,0.2803261977573904,0.23598369011213047,11,11,17.0
macaroni2,0.15,0.5,0.35751856333087395,0.75,0.934550210021002,0.9321012151215124,0.002448994899489576,True,0.2803261977573904,0.2747196738022426,11,11,9.0
macaroni2,0.15,0.75,0.4969863269468373,0.25,0.9321649414941494,0.9321012151215124,6.372637263696301e-05,True,0.1401630988786952,0.05708460754332314,11,11,27.0
macaroni2,0.15,0.75,0.4969863269468373,0.5,0.9328701020102009,0.9321012151215124,0.0007688868886884803,True,0.1401630988786952,0.11365953109072376,11,11,18.0
macaroni2,0.15,0.75,0.4969863269468373,0.75,0.933756105610561,0.9321012151215124,0.0016548904890485439,True,0.1401630988786952,0.13557594291539246,11,11,13.0
macaroni2,0.25,0.25,0.2376558375792334,0.25,0.932413681368137,0.9321012151215124,0.00031246624662450984,True,0.42048929663608564,0.19928644240570845,11,11,20.0
macaroni2,0.25,0.25,0.2376558375792334,0.5,0.9341531353135314,0.9321012151215124,0.002051920192018941,True,0.42048929663608564,0.3527013251783894,11,11,11.0
macaroni2,0.25,0.25,0.2376558375792334,0.75,0.9371122112211222,0.9321012151215124,0.005010996099609755,True,0.42048929663608564,0.41182466870540263,11,11,3.0
macaroni2,0.25,0.5,0.35751856333087395,0.25,0.9323460396039605,0.9321012151215124,0.0002448244824480028,True,0.2803261977573904,0.127420998980632,11,11,22.0
macaroni2,0.25,0.5,0.35751856333087395,0.5,0.9337665166516651,0.9321012151215124,0.001665301530152652,True,0.2803261977573904,0.23598369011213047,11,11,12.0
macaroni2,0.25,0.5,0.35751856333087395,0.75,0.9358700720072007,0.9321012151215124,0.0037688568856882876,True,0.2803261977573904,0.2747196738022426,11,11,4.0
macaroni2,0.25,0.75,0.4969863269468373,0.25,0.9322556705670568,0.9321012151215124,0.00015445544554437696,True,0.1401630988786952,0.05708460754332314,11,11,24.0
macaroni2,0.25,0.75,0.4969863269468373,0.5,0.9332182268226823,0.9321012151215124,0.0011170117011698455,True,0.1401630988786952,0.11365953109072376,11,11,16.0
macaroni2,0.25,0.75,0.4969863269468373,0.75,0.9346375637563756,0.9321012151215124,0.0025363486348631836,True,0.1401630988786952,0.13557594291539246,11,11,8.0
macaroni2,0.35,0.25,0.2376558375792334,0.25,0.9325012001200121,0.9321012151215124,0.0003999849984996917,True,0.42048929663608564,0.19928644240570845,11,11,19.0
macaroni2,0.35,0.25,0.2376558375792334,0.5,0.9348729972997298,0.9321012151215124,0.0027717821782173857,True,0.42048929663608564,0.3527013251783894,11,11,7.0
macaroni2,0.35,0.25,0.2376558375792334,0.75,0.9389254725472547,0.9321012151215124,0.0068242574257422195,True,0.42048929663608564,0.41182466870540263,11,11,1.0
macaroni2,0.35,0.5,0.35751856333087395,0.25,0.9323974647464748,0.9321012151215124,0.0002962496249623303,True,0.2803261977573904,0.127420998980632,11,11,21.0
macaroni2,0.35,0.5,0.35751856333087395,0.5,0.9342566156615661,0.9321012151215124,0.002155400540053698,True,0.2803261977573904,0.23598369011213047,11,11,10.0
macaroni2,0.35,0.5,0.35751856333087395,0.75,0.9372018751875187,0.9321012151215124,0.005100660066006291,True,0.2803261977573904,0.2747196738022426,11,11,2.0
macaroni2,0.35,0.75,0.4969863269468373,0.25,0.9322708220822084,0.9321012151215124,0.00016960696069590053,True,0.1401630988786952,0.05708460754332314,11,11,23.0
macaroni2,0.35,0.75,0.4969863269468373,0.5,0.9334692919291929,0.9321012151215124,0.001368076807680474,True,0.1401630988786952,0.11365953109072376,11,11,14.0
macaroni2,0.35,0.75,0.4969863269468373,0.75,0.9354430843084309,0.9321012151215124,0.003341869186918478,True,0.1401630988786952,0.13557594291539246,11,11,5.0
pcb1,0.15,0.25,0.24329970252391564,0.25,0.9112871287128713,0.911037578757876,0.0002495499549952651,True,0.42048929663608564,0.1962283384301733,11,11,25.0
pcb1,0.15,0.25,0.24329970252391564,0.5,0.9125260576057606,0.911037578757876,0.0014884788478845001,True,0.42048929663608564,0.34964322120285424,11,11,13.0
pcb1,0.15,0.25,0.24329970252391564,0.75,0.9141218571857185,0.911037578757876,0.003084278427842424,True,0.42048929663608564,0.4102956167176351,11,11,5.0
pcb1,0.15,0.5,0.377199334025218,0.25,0.9112373087308732,0.911037578757876,0.00019972997299710915,True,0.2803261977573904,0.12996941896024464,11,11,26.0
pcb1,0.15,0.5,0.377199334025218,0.5,0.9121346234623463,0.911037578757876,0.0010970447044702514,True,0.2803261977573904,0.23343527013251783,11,11,16.0
pcb1,0.15,0.5,0.377199334025218,0.75,0.9132202670267027,0.911037578757876,0.002182688268826616,True,0.2803261977573904,0.27370030581039756,11,11,9.0
pcb1,0.15,0.75,0.5171015081196173,0.25,0.9111740324032405,0.911037578757876,0.0001364536453644094,True,0.1401630988786952,0.060652395514780834,11,11,27.0
pcb1,0.15,0.75,0.5171015081196173,0.5,0.911829192919292,0.911037578757876,0.0007916141614159322,True,0.1401630988786952,0.11365953109072376,11,11,18.0
pcb1,0.15,0.75,0.5171015081196173,0.75,0.9124106510651064,0.911037578757876,0.001373072307230383,True,0.1401630988786952,0.13557594291539246,11,11,15.0
pcb1,0.25,0.25,0.24329970252391564,0.25,0.9115500450045005,0.911037578757876,0.0005124662466244878,True,0.42048929663608564,0.1962283384301733,11,11,20.0
pcb1,0.25,0.25,0.24329970252391564,0.5,0.9132758625862586,0.911037578757876,0.002238283828382537,True,0.42048929663608564,0.34964322120285424,11,11,8.0
pcb1,0.25,0.25,0.24329970252391564,0.75,0.9159834233423343,0.911037578757876,0.004945844584458237,True,0.42048929663608564,0.4102956167176351,11,11,2.0
pcb1,0.25,0.5,0.377199334025218,0.25,0.9114369486948696,0.911037578757876,0.0003993699369935211,True,0.2803261977573904,0.12996941896024464,11,11,22.0
pcb1,0.25,0.5,0.377199334025218,0.5,0.9126398739873988,0.911037578757876,0.00160229522952271,True,0.2803261977573904,0.23343527013251783,11,11,12.0
pcb1,0.25,0.5,0.377199334025218,0.75,0.9144799729972998,0.911037578757876,0.0034423942394237184,True,0.2803261977573904,0.27370030581039756,11,11,4.0
pcb1,0.25,0.75,0.5171015081196173,0.25,0.9113011251125113,0.911037578757876,0.0002635463546352135,True,0.1401630988786952,0.060652395514780834,11,11,24.0
pcb1,0.25,0.75,0.5171015081196173,0.5,0.9121227722772278,0.911037578757876,0.0010851935193517681,True,0.1401630988786952,0.11365953109072376,11,11,17.0
pcb1,0.25,0.75,0.5171015081196173,0.75,0.9131921092109212,0.911037578757876,0.002154530453045145,True,0.1401630988786952,0.13557594291539246,11,11,10.0
pcb1,0.35,0.25,0.24329970252391564,0.25,0.9116648364836483,0.911037578757876,0.0006272577257722123,True,0.42048929663608564,0.1962283384301733,11,11,19.0
pcb1,0.35,0.25,0.24329970252391564,0.5,0.9140684518451845,0.911037578757876,0.0030308730873084277,True,0.42048929663608564,0.34964322120285424,11,11,6.0
pcb1,0.35,0.25,0.24329970252391564,0.75,0.9179268976897689,0.911037578757876,0.006889318931892818,True,0.42048929663608564,0.4102956167176351,11,11,1.0
pcb1,0.35,0.5,0.377199334025218,0.25,0.9115156465646564,0.911037578757876,0.0004780678067803912,True,0.2803261977573904,0.12996941896024464,11,11,21.0
pcb1,0.35,0.5,0.377199334025218,0.5,0.9131846984698471,0.911037578757876,0.002147119711971013,True,0.2803261977573904,0.23343527013251783,11,11,11.0
pcb1,0.35,0.5,0.377199334025218,0.75,0.9158424392439244,0.911037578757876,0.004804860486048335,True,0.2803261977573904,0.27370030581039756,11,11,3.0
pcb1,0.35,0.75,0.5171015081196173,0.25,0.9113526402640265,0.911037578757876,0.00031506150615046025,True,0.1401630988786952,0.060652395514780834,11,11,23.0
pcb1,0.35,0.75,0.5171015081196173,0.5,0.9124647464746475,0.911037578757876,0.001427167716771427,True,0.1401630988786952,0.11365953109072376,11,11,14.0
pcb1,0.35,0.75,0.5171015081196173,0.75,0.9139521752175217,0.911037578757876,0.0029145964596456464,True,0.1401630988786952,0.13557594291539246,11,11,7.0
pcb2,0.15,0.25,0.2677066139550875,0.25,0.9124871287128713,0.9122330333033305,0.0002540954095407999,True,0.42048929663608564,0.1962283384301733,11,11,25.0
pcb2,0.15,0.25,0.2677066139550875,0.5,0.9136868436843685,0.9122330333033305,0.0014538103810379788,True,0.42048929663608564,0.3470948012232416,11,11,15.0
pcb2,0.15,0.25,0.2677066139550875,0.75,0.9152947644764476,0.9122330333033305,0.0030617311731171437,True,0.42048929663608564,0.4102956167176351,11,11,6.0
pcb2,0.15,0.5,0.38866816471043486,0.25,0.9124509450945095,0.9122330333033305,0.00021791179117902626,True,0.2803261977573904,0.12589194699286443,11,11,26.0
pcb2,0.15,0.5,0.38866816471043486,0.5,0.9133573507350735,0.9122330333033305,0.001124317431743016,True,0.2803261977573904,0.2308868501529052,11,11,17.0
pcb2,0.15,0.5,0.38866816471043486,0.75,0.9144899639963998,0.9122330333033305,0.0022569306930693145,True,0.2803261977573904,0.273190621814475,11,11,9.0
pcb2,0.15,0.75,0.5267688012362082,0.25,0.912369486948695,0.9122330333033305,0.00013645364536452043,True,0.1401630988786952,0.05963302752293578,11,11,27.0
pcb2,0.15,0.75,0.5267688012362082,0.5,0.9130746474647465,0.9122330333033305,0.0008416141614160377,True,0.1401630988786952,0.11365953109072376,11,11,18.0
pcb2,0.15,0.75,0.5267688012362082,0.75,0.9137515601560157,0.9122330333033305,0.0015185268526851647,True,0.1401630988786952,0.13557594291539246,11,11,13.0
pcb2,0.25,0.25,0.2677066139550875,0.25,0.9127410441044106,0.9122330333033305,0.0005080108010800943,True,0.42048929663608564,0.1962283384301733,11,11,20.0
pcb2,0.25,0.25,0.2677066139550875,0.5,0.9144275577557756,0.9122330333033305,0.002194524452445057,True,0.42048929663608564,0.3470948012232416,11,11,10.0
pcb2,0.25,0.25,0.2677066139550875,0.75,0.9170867236723673,0.9122330333033305,0.004853690369036823,True,0.42048929663608564,0.4102956167176351,11,11,2.0
pcb2,0.25,0.5,0.38866816471043486,0.25,0.9126596759675969,0.9122330333033305,0.00042664266426639674,True,0.2803261977573904,0.12589194699286443,11,11,22.0
pcb2,0.25,0.5,0.38866816471043486,0.5,0.9138838133813383,0.9122330333033305,0.0016507800780077853,True,0.2803261977573904,0.2308868501529052,11,11,12.0
pcb2,0.25,0.5,0.38866816471043486,0.75,0.9157223972397239,0.9122330333033305,0.0034893639363934303,True,0.2803261977573904,0.273190621814475,11,11,4.0
pcb2,0.25,0.75,0.5267688012362082,0.25,0.9125056705670569,0.9122330333033305,0.0002726372637263941,True,0.1401630988786952,0.05963302752293578,11,11,24.0
pcb2,0.25,0.75,0.5267688012362082,0.5,0.9134076207620763,0.9122330333033305,0.0011745874587457683,True,0.1401630988786952,0.11365953109072376,11,11,16.0
pcb2,0.25,0.75,0.5267688012362082,0.75,0.9145451395139514,0.9122330333033305,0.0023121062106209456,True,0.1401630988786952,0.13557594291539246,11,11,8.0
pcb2,0.35,0.25,0.2677066139550875,0.25,0.9128286528652865,0.9122330333033305,0.0005956195619559734,True,0.42048929663608564,0.1962283384301733,11,11,19.0
pcb2,0.35,0.25,0.2677066139550875,0.5,0.9151960846084609,0.9122330333033305,0.0029630513051304153,True,0.42048929663608564,0.3470948012232416,11,11,7.0
pcb2,0.35,0.25,0.2677066139550875,0.75,0.918933318331833,0.9122330333033305,0.006700285028502506,True,0.42048929663608564,0.4102956167176351,11,11,1.0
pcb2,0.35,0.5,0.38866816471043486,0.25,0.9127383738373838,0.9122330333033305,0.0005053405340532668,True,0.2803261977573904,0.12589194699286443,11,11,21.0
pcb2,0.35,0.5,0.38866816471043486,0.5,0.914422577257726,0.9122330333033305,0.002189543954395523,True,0.2803261977573904,0.2308868501529052,11,11,11.0
pcb2,0.35,0.5,0.38866816471043486,0.75,0.9170484998499852,0.9122330333033305,0.0048154665466546565,True,0.2803261977573904,0.273190621814475,11,11,3.0
pcb2,0.35,0.75,0.5267688012362082,0.25,0.9125571857185719,0.9122330333033305,0.0003241524152414188,True,0.1401630988786952,0.05963302752293578,11,11,23.0
pcb2,0.35,0.75,0.5267688012362082,0.5,0.9137435343534354,0.9122330333033305,0.0015105010501048621,True,0.1401630988786952,0.11365953109072376,11,11,14.0
pcb2,0.35,0.75,0.5267688012362082,0.75,0.9153173267326733,0.9122330333033305,0.0030842934293427993,True,0.1401630988786952,0.13557594291539246,11,11,5.0
pcb3,0.15,0.25,0.24208995326546062,0.25,0.9122084608460846,0.9119949144914493,0.00021354635463533,True,0.42070372259051503,0.19275879653238143,11,11,25.0
pcb3,0.15,0.25,0.24208995326546062,0.5,0.9133127362736274,0.9119949144914493,0.0013178217821780969,True,0.42070372259051503,0.35135135135135137,11,11,15.0
pcb3,0.15,0.25,0.24208995326546062,0.75,0.9149731623162315,0.9119949144914493,0.0029782478247821764,True,0.42070372259051503,0.41203467618561956,11,11,6.0
pcb3,0.15,0.5,0.3696425063525698,0.25,0.9121767326732674,0.9119949144914493,0.00018181818181806086,True,0.2804691483936767,0.12595614482406936,11,11,26.0
pcb3,0.15,0.5,0.3696425063525698,0.5,0.9130462496249625,0.9119949144914493,0.001051335133513187,True,0.2804691483936767,0.2325344212136665,11,11,17.0
pcb3,0.15,0.5,0.3696425063525698,0.75,0.9142052505250526,0.9119949144914493,0.0022103360336033218,True,0.2804691483936767,0.2738398776134625,11,11,9.0
pcb3,0.15,0.75,0.5107242610792373,0.25,0.9121494599459947,0.9119949144914493,0.00015454545454540725,True,0.14023457419683835,0.059153493115757266,11,11,27.0
pcb3,0.15,0.75,0.5107242610792373,0.5,0.9127690669066908,0.9119949144914493,0.0007741524152414803,True,0.14023457419683835,0.11371749107598164,11,11,18.0
pcb3,0.15,0.75,0.5107242610792373,0.75,0.9134599759975998,0.9119949144914493,0.0014650615061504446,True,0.14023457419683835,0.13615502294747578,11,11,13.0
pcb3,0.25,0.25,0.24208995326546062,0.25,0.9124174617461747,0.9119949144914493,0.00042254725472534727,True,0.42070372259051503,0.19275879653238143,11,11,21.0
pcb3,0.25,0.25,0.24208995326546062,0.5,0.9139458895889588,0.9119949144914493,0.001950975097509522,True,0.42070372259051503,0.35135135135135137,11,11,11.0
pcb3,0.25,0.25,0.24208995326546062,0.75,0.9167273477347735,0.9119949144914493,0.0047324332433241745,True,0.42070372259051503,0.41203467618561956,11,11,3.0
pcb3,0.25,0.5,0.3696425063525698,0.25,0.9123494599459948,0.9119949144914493,0.00035454545454549624,True,0.2804691483936767,0.12595614482406936,11,11,22.0
pcb3,0.25,0.5,0.3696425063525698,0.5,0.9135220072007201,0.9119949144914493,0.001527092709270761,True,0.2804691483936767,0.2325344212136665,11,11,12.0
pcb3,0.25,0.5,0.3696425063525698,0.75,0.9154352835283528,0.9119949144914493,0.003440369036903479,True,0.2804691483936767,0.2738398776134625,11,11,4.0
pcb3,0.25,0.75,0.5107242610792373,0.25,0.9122676417641766,0.9119949144914493,0.00027272727272731334,True,0.14023457419683835,0.059153493115757266,11,11,24.0
pcb3,0.25,0.75,0.5107242610792373,0.5,0.9130720972097209,0.9119949144914493,0.0010771827182716187,True,0.14023457419683835,0.11371749107598164,11,11,16.0
pcb3,0.25,0.75,0.5107242610792373,0.75,0.9143144314431445,0.9119949144914493,0.0023195169516951886,True,0.14023457419683835,0.13615502294747578,11,11,8.0
pcb3,0.35,0.25,0.24208995326546062,0.25,0.9124961596159615,0.9119949144914493,0.0005012451245122174,True,0.42070372259051503,0.19275879653238143,11,11,19.0
pcb3,0.35,0.25,0.24208995326546062,0.5,0.914676102610261,0.9119949144914493,0.0026811881188116837,True,0.42070372259051503,0.35135135135135137,11,11,7.0
pcb3,0.35,0.25,0.24208995326546062,0.75,0.9185997149714971,0.9119949144914493,0.0066048004800477456,True,0.42070372259051503,0.41203467618561956,11,11,1.0
pcb3,0.35,0.5,0.3696425063525698,0.25,0.9124191569156916,0.9119949144914493,0.00042424242424232705,True,0.2804691483936767,0.12595614482406936,11,11,20.0
pcb3,0.35,0.5,0.3696425063525698,0.5,0.9140219171917191,0.9119949144914493,0.0020270027002697866,True,0.2804691483936767,0.2325344212136665,11,11,10.0
pcb3,0.35,0.5,0.3696425063525698,0.75,0.91682298229823,0.9119949144914493,0.004828067806780689,True,0.2804691483936767,0.2738398776134625,11,11,2.0
pcb3,0.35,0.75,0.5107242610792373,0.25,0.9123191569156917,0.9119949144914493,0.00032424242424233807,True,0.14023457419683835,0.059153493115757266,11,11,23.0
pcb3,0.35,0.75,0.5107242610792373,0.5,0.9133781578157816,0.9119949144914493,0.0013832433243322617,True,0.14023457419683835,0.11371749107598164,11,11,14.0
pcb3,0.35,0.75,0.5107242610792373,0.75,0.9151477647764777,0.9119949144914493,0.00315285028502843,True,0.14023457419683835,0.13615502294747578,11,11,5.0
pcb4,0.15,0.25,0.2533052107035941,0.25,0.9070059405940595,0.9067653915391541,0.00024054905490533685,True,0.42070372259051503,0.19632840387557368,11,11,25.0
pcb4,0.15,0.25,0.2533052107035941,0.5,0.9082769576957695,0.9067653915391541,0.001511566156615407,True,0.42070372259051503,0.34676185619581845,11,11,13.0
pcb4,0.15,0.25,0.2533052107035941,0.75,0.909918391839184,0.9067653915391541,0.003153000300029851,True,0.42070372259051503,0.4099949005609383,11,11,5.0
pcb4,0.15,0.5,0.3809245722162896,0.25,0.9069742124212421,0.9067653915391541,0.00020882088208795668,True,0.2804691483936767,0.12697603263641,11,11,26.0
pcb4,0.15,0.5,0.3809245722162896,0.5,0.9078989798979897,0.9067653915391541,0.001133588358835591,True,0.2804691483936767,0.23100458949515554,11,11,17.0
pcb4,0.15,0.5,0.3809245722162896,0.75,0.9090271377137715,0.9067653915391541,0.002261746174617385,True,0.2804691483936767,0.2733299337072922,11,11,10.0
pcb4,0.15,0.75,0.5150982399054465,0.25,0.9069018451845186,0.9067653915391541,0.0001364536453644094,True,0.14023457419683835,0.05966343702192759,11,11,27.0
pcb4,0.15,0.75,0.5150982399054465,0.5,0.9075843684368436,0.9067653915391541,0.0008189768976895051,True,0.14023457419683835,0.11371749107598164,11,11,18.0
pcb4,0.15,0.75,0.5150982399054465,0.75,0.9082385538553855,0.9067653915391541,0.0014731623162314023,True,0.14023457419683835,0.13513513513513514,11,11,15.0
pcb4,0.25,0.25,0.2533052107035941,0.25,0.9072780378037805,0.9067653915391541,0.0005126462646263263,True,0.42070372259051503,0.19632840387557368,11,11,20.0
pcb4,0.25,0.25,0.2533052107035941,0.5,0.9090451245124513,0.9067653915391541,0.0022797329732971994,True,0.42070372259051503,0.34676185619581845,11,11,9.0
pcb4,0.25,0.25,0.2533052107035941,0.75,0.9117439543954396,0.9067653915391541,0.004978562856285507,True,0.42070372259051503,0.4099949005609383,11,11,2.0
pcb4,0.25,0.5,0.3809245722162896,0.25,0.9071920342034204,0.9067653915391541,0.0004266426642662857,True,0.2804691483936767,0.12697603263641,11,11,22.0
pcb4,0.25,0.5,0.3809245722162896,0.5,0.9084345334533453,0.9067653915391541,0.0016691419141912078,True,0.2804691483936767,0.23100458949515554,11,11,12.0
pcb4,0.25,0.5,0.3809245722162896,0.75,0.9102780228022802,0.9067653915391541,0.0035126312631260648,True,0.2804691483936767,0.2733299337072922,11,11,4.0
pcb4,0.25,0.75,0.5150982399054465,0.25,0.9070380288028802,0.9067653915391541,0.000272637263726061,True,0.14023457419683835,0.05966343702192759,11,11,24.0
pcb4,0.25,0.75,0.5150982399054465,0.5,0.9079234023402342,0.9067653915391541,0.0011580108010800227,True,0.14023457419683835,0.11371749107598164,11,11,16.0
pcb4,0.25,0.75,0.5150982399054465,0.75,0.9090564656465646,0.9067653915391541,0.0022910741074104735,True,0.14023457419683835,0.13513513513513514,11,11,8.0
pcb4,0.35,0.25,0.2533052107035941,0.25,0.9073838283828384,0.9067653915391541,0.0006184368436842336,True,0.42070372259051503,0.19632840387557368,11,11,19.0
pcb4,0.35,0.25,0.2533052107035941,0.5,0.9098832583258325,0.9067653915391541,0.0031178667866783583,True,0.42070372259051503,0.34676185619581845,11,11,7.0
pcb4,0.35,0.25,0.2533052107035941,0.75,0.9136302130213022,0.9067653915391541,0.006864821482148065,True,0.42070372259051503,0.4099949005609383,11,11,1.0
pcb4,0.35,0.5,0.3809245722162896,0.25,0.9072707320732072,0.9067653915391541,0.0005053405340530448,True,0.2804691483936767,0.12697603263641,11,11,21.0
pcb4,0.35,0.5,0.3809245722162896,0.5,0.908964296429643,0.9067653915391541,0.0021989048904889064,True,0.2804691483936767,0.23100458949515554,11,11,11.0
pcb4,0.35,0.5,0.3809245722162896,0.75,0.9116224872487249,0.9067653915391541,0.0048570957095707135,True,0.2804691483936767,0.2733299337072922,11,11,3.0
pcb4,0.35,0.75,0.5150982399054465,0.25,0.9070895439543954,0.9067653915391541,0.0003241524152413078,True,0.14023457419683835,0.05966343702192759,11,11,23.0
pcb4,0.35,0.75,0.5150982399054465,0.5,0.9082744674467448,0.9067653915391541,0.0015090759075906401,True,0.14023457419683835,0.11371749107598164,11,11,14.0
pcb4,0.35,0.75,0.5150982399054465,0.75,0.9098983498349835,0.9067653915391541,0.00313295829582938,True,0.14023457419683835,0.13513513513513514,11,11,6.0
pipe_fryum,0.15,0.25,0.23864054504341625,0.25,0.9067416741674168,0.9064921242124214,0.00024954995499537613,True,0.4100397614314115,0.18290258449304175,11,11,25.0
pipe_fryum,0.15,0.25,0.23864054504341625,0.5,0.9079987848784878,0.9064921242124214,0.0015066606660664172,True,0.4100397614314115,0.33697813121272363,11,11,15.0
pipe_fryum,0.15,0.25,0.23864054504341625,0.75,0.9097733723372337,0.9064921242124214,0.0032812481248122305,True,0.4100397614314115,0.40059642147117297,11,11,6.0
pipe_fryum,0.15,0.5,0.3576611502008067,0.25,0.9067009450945094,0.9064921242124214,0.00020882088208795668,True,0.27335984095427435,0.1143141153081511,11,11,26.0
pipe_fryum,0.15,0.5,0.3576611502008067,0.5,0.9077056555655564,0.9064921242124214,0.0012135313531349556,True,0.27335984095427435,0.22415506958250497,11,11,17.0
pipe_fryum,0.15,0.5,0.3576611502008067,0.75,0.9089911191119111,0.9064921242124214,0.0024989948994896816,True,0.27335984095427435,0.2673956262425447,11,11,9.0
pipe_fryum,0.15,0.75,0.5098187592072171,0.25,0.9066376687668768,0.9064921242124214,0.00014554455445536796,True,0.13667992047713717,0.05616302186878728,11,11,27.0
pipe_fryum,0.15,0.75,0.5098187592072171,0.5,0.9074110111011101,0.9064921242124214,0.0009188868886886858,True,0.13667992047713717,0.110337972166998,11,11,18.0
pipe_fryum,0.15,0.75,0.5098187592072171,0.75,0.908156105610561,0.9064921242124214,0.0016639813981396134,True,0.13667992047713717,0.13320079522862824,11,11,13.0
pipe_fryum,0.25,0.25,0.23864054504341625,0.25,0.9070136813681366,0.9064921242124214,0.0005215571557152243,True,0.4100397614314115,0.18290258449304175,11,11,20.0
pipe_fryum,0.25,0.25,0.23864054504341625,0.5,0.9087849534953495,0.9064921242124214,0.002292829282928066,True,0.4100397614314115,0.33697813121272363,11,11,11.0
pipe_fryum,0.25,0.25,0.23864054504341625,0.75,0.9117167566756677,0.9064921242124214,0.005224632463246226,True,0.4100397614314115,0.40059642147117297,11,11,3.0
pipe_fryum,0.25,0.5,0.3576611502008067,0.25,0.9069096759675969,0.9064921242124214,0.0004175517551754382,True,0.27335984095427435,0.1143141153081511,11,11,22.0
pipe_fryum,0.25,0.5,0.3576611502008067,0.5,0.9083256075607561,0.9064921242124214,0.0018334833483346635,True,0.27335984095427435,0.22415506958250497,11,11,12.0
pipe_fryum,0.25,0.5,0.3576611502008067,0.75,0.910383708370837,0.9064921242124214,0.0038915841584156174,True,0.27335984095427435,0.2673956262425447,11,11,4.0
pipe_fryum,0.25,0.75,0.5098187592072171,0.25,0.9067738523852387,0.9064921242124214,0.0002817281728172416,True,0.13667992047713717,0.05616302186878728,11,11,24.0
pipe_fryum,0.25,0.75,0.5098187592072171,0.5,0.9077682268226823,0.9064921242124214,0.0012761026102608986,True,0.13667992047713717,0.110337972166998,11,11,16.0
pipe_fryum,0.25,0.75,0.5098187592072171,0.75,0.9090739273927393,0.9064921242124214,0.0025818031803178654,True,0.13667992047713717,0.13320079522862824,11,11,8.0
pipe_fryum,0.35,0.25,0.23864054504341625,0.25,0.9071193819381936,0.9064921242124214,0.0006272577257722123,True,0.4100397614314115,0.18290258449304175,11,11,19.0
pipe_fryum,0.35,0.25,0.23864054504341625,0.5,0.9096411791179118,0.9064921242124214,0.003149054905490334,True,0.4100397614314115,0.33697813121272363,11,11,7.0
pipe_fryum,0.35,0.25,0.23864054504341625,0.75,0.9137844734473447,0.9064921242124214,0.007292349234923279,True,0.4100397614314115,0.40059642147117297,11,11,1.0
pipe_fryum,0.35,0.5,0.3576611502008067,0.25,0.9069883738373836,0.9064921242124214,0.0004962496249621973,True,0.27335984095427435,0.1143141153081511,11,11,21.0
pipe_fryum,0.35,0.5,0.3576611502008067,0.5,0.9089520702070207,0.9064921242124214,0.0024599459945993107,True,0.27335984095427435,0.22415506958250497,11,11,10.0
pipe_fryum,0.35,0.5,0.3576611502008067,0.75,0.911915511551155,0.9064921242124214,0.0054233873387335985,True,0.27335984095427435,0.2673956262425447,11,11,2.0
pipe_fryum,0.35,0.75,0.5098187592072171,0.25,0.9068253675367537,0.9064921242124214,0.00033324332433226633,True,0.13667992047713717,0.05616302186878728,11,11,23.0
pipe_fryum,0.35,0.75,0.5098187592072171,0.5,0.9081374737473747,0.9064921242124214,0.001645349534953322,True,0.13667992047713717,0.110337972166998,11,11,14.0
pipe_fryum,0.35,0.75,0.5098187592072171,0.75,0.9100158115811582,0.9064921242124214,0.003523687368736761,True,0.13667992047713717,0.13320079522862824,11,11,5.0
